,T_712_4,T_CCD8_9,T_CCD8_7,T_GUS_25,T_722_15,T_GUS_10,T_722_12,T_722_9,T_CCD8_13,T_CCD8_14,T_EP_3,T_EP_4,T_722_1,T_CCD8_15,T_MMA_11,T_GUS_18,T_722_6,T_GUS_16,T_722_13,T_722_14,T_CCD8_1,T_GUS_23,T_712_18,T_CCD8_8,T_712_16,T_712_2,T_712_11,T_MMA_6,T_MMA_1,T_EP_2,T_EP_1,T_MMA_5,T_722_5,T_CCD8_16,T_MMA_12,T_722_17,T_GUS_12,T_GUS_20,T_CCD8_5,T_712_8,T_712_6,T_MMA_4,T_MMA_3,T_712_14,T_712_13,T_712_7,T_CCD8_3,T_GUS_26,T_712_9,T_GUS_21,T_722_16,T_GUS_13,T_MMA_13,T_CCD8_10
GrpE,5409.0,6942.0,6929.0,7335.0,7446.0,7442.0,6943.0,7761.0,6728.0,6623.0,6843.0,6858,6706.0,7388.0,6760.0,7055.0,6746.0,7459.0,6516.0,6713.0,7615.0,7087.0,5616.0,6578.0,6174.0,5453.0,5606.0,5945.0,7411.0,7484.0,7045.0,6770.0,7091.0,6552.0,7285.0,6622.0,6839.0,6614.0,6867.0,6192.0,5692.0,6799.0,7284.0,5741.0,5706.0,5236.0,7027.0,7630.0,6347.0,6979.0,6535.0,6561.0,6587.0,6783.0
Methyltransf_5,8025.0,10560.0,10898.0,11121.0,10449.0,10997.0,10231.0,12109.0,10115.0,10090.0,10442.0,10464,9887.0,10818.0,10543.0,11036.0,10448.0,11263.0,9693.0,10068.0,11479.0,11075.0,8774.0,10193.0,8860.0,8460.0,8041.0,8611.0,11375.0,10915.0,10373.0,10256.0,10796.0,10422.0,11347.0,9872.0,10115.0,9594.0,10455.0,9283.0,8326.0,10229.0,10974.0,8961.0,8750.0,8143.0,11077.0,11105.0,9254.0,10882.0,9803.0,10179.0,9960.0,9961.0
PGK,10320.0,13645.0,13726.0,15044.0,14117.0,14567.0,13733.0,15132.0,13753.0,13296.0,14031.0,13629,13095.0,14520.0,13315.0,14338.0,13354.0,14742.0,12596.0,13095.0,15017.0,14633.0,11310.0,13028.0,11506.0,11221.0,10909.0,11970.0,14818.0,14284.0,13671.0,13235.0,13853.0,13632.0,14752.0,13958.0,13357.0,12291.0,13555.0,11858.0,10918.0,13031.0,14344.0,11320.0,11288.0,10264.0,14280.0,15004.0,12293.0,14199.0,13325.0,13075.0,13621.0,13257.0
Ribosomal_L10,4339.0,5570.0,5264.0,5608.0,6290.0,5510.0,5724.0,6082.0,5731.0,5527.0,5757.0,5695,5514.0,5931.0,5510.0,5692.0,5698.0,5731.0,5292.0,5598.0,6420.0,5630.0,4719.0,5337.0,5123.0,4673.0,4668.0,4944.0,5804.0,5828.0,5935.0,5590.0,5341.0,5328.0,5527.0,5912.0,5845.0,5095.0,5392.0,5149.0,4427.0,5422.0,5510.0,4976.0,4790.0,4760.0,5703.0,5761.0,5349.0,5604.0,5671.0,5424.0,5608.0,5295.0
Ribosomal_L23,3384.0,4408.0,4102.0,4655.0,4798.0,4449.0,4592.0,4844.0,4398.0,4504.0,4728.0,4591,4443.0,4774.0,4541.0,4429.0,4324.0,4754.0,4148.0,4481.0,4881.0,4418.0,3601.0,4101.0,4089.0,3753.0,3744.0,4131.0,5109.0,4825.0,4694.0,4418.0,4322.0,4356.0,4622.0,4495.0,4471.0,3942.0,4484.0,4217.0,3728.0,4401.0,4641.0,3766.0,3668.0,3734.0,4661.0,4822.0,4077.0,4310.0,4548.0,4563.0,4440.0,4332.0
Ribosomal_L3,5734.0,7153.0,7167.0,7521.0,7782.0,7626.0,7187.0,8267.0,7519.0,7345.0,7649.0,7718,7297.0,7707.0,7084.0,7314.0,7263.0,7997.0,7027.0,7288.0,8161.0,7368.0,6037.0,7014.0,6286.0,6003.0,6332.0,6856.0,7887.0,7754.0,7684.0,7043.0,7295.0,7167.0,7612.0,7457.0,7383.0,6825.0,7275.0,6657.0,5883.0,7184.0,7585.0,6081.0,6039.0,5817.0,7460.0,8129.0,6681.0,7556.0,7163.0,7172.0,7350.0,7270.0
Ribosomal_L4,5983.0,7484.0,7353.0,7643.0,7799.0,7710.0,7522.0,8327.0,7425.0,7409.0,7537.0,7774,7225.0,7666.0,7318.0,7420.0,7180.0,8003.0,7090.0,7376.0,8252.0,7513.0,6154.0,7212.0,6838.0,6034.0,6134.0,6289.0,8325.0,7528.0,7789.0,7129.0,7391.0,7256.0,7687.0,7510.0,7227.0,6806.0,7404.0,6883.0,5996.0,7339.0,7603.0,6287.0,6078.0,6069.0,7437.0,7842.0,6694.0,7542.0,7408.0,7406.0,7537.0,7286.0
Ribosomal_L5,4938.0,6032.0,5984.0,6221.0,6814.0,5987.0,6274.0,6628.0,6175.0,6544.0,6325.0,6204,6128.0,6464.0,6227.0,6388.0,5980.0,6517.0,5928.0,6166.0,6894.0,6158.0,5240.0,5860.0,5623.0,4924.0,5216.0,5782.0,6818.0,6721.0,6457.0,6107.0,6204.0,5963.0,6439.0,6314.0,6535.0,5677.0,6006.0,5705.0,5176.0,6104.0,6308.0,5090.0,5444.0,5095.0,6607.0,6540.0,5792.0,6217.0,6303.0,5928.0,6328.0,6320.0
Ribosomal_L6,5181.0,6910.0,6372.0,7195.0,7305.0,6958.0,6865.0,7456.0,6981.0,6917.0,6904.0,6939,6523.0,7290.0,6614.0,6917.0,6696.0,7209.0,6360.0,6751.0,7536.0,6596.0,5640.0,6211.0,5912.0,5625.0,5639.0,6158.0,7221.0,7243.0,7187.0,6766.0,6855.0,6532.0,6965.0,7027.0,7017.0,6074.0,6656.0,6135.0,5739.0,6876.0,6983.0,5832.0,5661.0,5473.0,7034.0,7180.0,6239.0,6901.0,6951.0,6792.0,6665.0,6652.0
Ribosomal_S11,4293.0,5620.0,5213.0,5936.0,6072.0,5474.0,5779.0,6259.0,5706.0,6021.0,5943.0,5880,5634.0,6108.0,5452.0,5787.0,5472.0,5791.0,5348.0,5582.0,6429.0,5772.0,4860.0,5417.0,5057.0,4466.0,4830.0,5226.0,5976.0,6040.0,5924.0,5653.0,5628.0,5305.0,5618.0,5648.0,5893.0,5099.0,5395.0,4984.0,4509.0,5625.0,5725.0,4894.0,4712.0,4545.0,5577.0,5757.0,5430.0,5496.0,5789.0,5428.0,5310.0,5574.0
Ribosomal_S13,4352.0,5647.0,5414.0,5964.0,6309.0,5870.0,5841.0,6240.0,5741.0,5997.0,6197.0,6273,5837.0,6165.0,5757.0,5819.0,5715.0,5829.0,5557.0,5516.0,6622.0,5597.0,4611.0,5445.0,5159.0,4845.0,4953.0,5441.0,6195.0,6220.0,6198.0,5858.0,5729.0,5361.0,6018.0,6024.0,5900.0,5395.0,5710.0,5333.0,4704.0,5934.0,6035.0,4907.0,4900.0,4766.0,5916.0,5862.0,5272.0,5819.0,5706.0,5948.0,5812.0,5661.0
Ribosomal_S17,3363.0,4298.0,4176.0,4485.0,4680.0,4222.0,4167.0,4565.0,4207.0,4456.0,4407.0,4428,4164.0,4498.0,4177.0,4276.0,4267.0,4454.0,3994.0,4400.0,4793.0,4166.0,3601.0,4074.0,3849.0,3527.0,3848.0,3944.0,4550.0,4743.0,4692.0,4331.0,4204.0,4069.0,4447.0,4384.0,4457.0,4030.0,4083.0,4121.0,3628.0,4429.0,4340.0,3618.0,3707.0,3478.0,4163.0,4478.0,3954.0,4311.0,4275.0,4359.0,4322.0,3974.0
Ribosomal_S8,4419.0,5466.0,5213.0,5961.0,6040.0,5746.0,5732.0,6140.0,5570.0,5800.0,5715.0,5890,5611.0,6046.0,5467.0,5767.0,5630.0,5747.0,5422.0,5600.0,6569.0,5551.0,4619.0,5567.0,5038.0,4708.0,4915.0,5258.0,5958.0,6129.0,5949.0,5524.0,5829.0,5428.0,5717.0,5880.0,5774.0,5071.0,5647.0,5099.0,4535.0,5760.0,5770.0,4718.0,4767.0,4678.0,5785.0,6009.0,5489.0,5725.0,5687.0,5707.0,5628.0,5457.0
Ribosomal_S9,4511.0,6071.0,5953.0,6248.0,6410.0,6192.0,6055.0,6669.0,6161.0,6100.0,6084.0,6301,6085.0,6330.0,6120.0,6150.0,5920.0,6378.0,5606.0,5889.0,6817.0,6212.0,5126.0,5567.0,5428.0,4980.0,4868.0,5408.0,6597.0,6331.0,6163.0,6041.0,6030.0,6100.0,6211.0,6098.0,5916.0,5576.0,6133.0,5473.0,4892.0,5947.0,6084.0,5212.0,5037.0,4906.0,6215.0,6434.0,5517.0,6115.0,5881.0,6048.0,5756.0,5605.0
TIGR00001,2418.0,3280.0,2947.0,3390.0,3432.0,3041.0,3084.0,3575.0,3321.0,3324.0,3248.0,3594,3400.0,3319.0,3183.0,3098.0,2998.0,3409.0,2873.0,3077.0,3746.0,3163.0,2561.0,2757.0,2867.0,2700.0,2772.0,2928.0,3355.0,3531.0,3515.0,3246.0,3102.0,2965.0,3377.0,3375.0,3154.0,2809.0,3244.0,2894.0,2794.0,3178.0,3224.0,2876.0,2905.0,2787.0,3218.0,3356.0,3024.0,3470.0,3268.0,3173.0,3193.0,3219.0
TIGR00002,3547.0,4482.0,4390.0,5007.0,4948.0,4562.0,4390.0,4959.0,4555.0,4579.0,4719.0,4519,4586.0,4769.0,4637.0,4446.0,4572.0,4936.0,4071.0,4400.0,5415.0,4774.0,3853.0,4396.0,4188.0,3706.0,3872.0,4498.0,4966.0,4868.0,4757.0,4726.0,4551.0,4537.0,5053.0,4510.0,4690.0,4312.0,4497.0,4089.0,3698.0,4720.0,4844.0,3927.0,3895.0,3638.0,4762.0,5082.0,4273.0,4672.0,4437.0,4501.0,4664.0,4346.0
TIGR00009,2950.0,3741.0,3666.0,4109.0,4193.0,3882.0,3552.0,3893.0,3710.0,3863.0,3608.0,3734,3830.0,3999.0,3690.0,3626.0,3571.0,3893.0,3542.0,3723.0,4255.0,3899.0,3176.0,3668.0,3248.0,3059.0,3258.0,3565.0,4024.0,3869.0,3737.0,3801.0,3666.0,3859.0,4016.0,3874.0,4039.0,3305.0,3617.0,3506.0,3178.0,3831.0,4081.0,3194.0,3378.0,3186.0,4037.0,4142.0,3543.0,3939.0,3650.0,3776.0,3855.0,3654.0
TIGR00012,2919.0,3612.0,3607.0,3985.0,3862.0,3600.0,3651.0,3955.0,3681.0,3694.0,3895.0,3796,3663.0,4045.0,3649.0,3571.0,3436.0,3925.0,3367.0,3640.0,4117.0,3607.0,3086.0,3470.0,3295.0,3079.0,3260.0,3409.0,4039.0,3880.0,3924.0,3818.0,3603.0,3529.0,3770.0,3674.0,3747.0,3391.0,3590.0,3516.0,3040.0,3803.0,3692.0,3042.0,3120.0,2918.0,3675.0,3898.0,3556.0,3708.0,3628.0,3886.0,3812.0,3558.0
TIGR00019,2589.0,4293.0,4435.0,4574.0,4136.0,3824.0,4338.0,4531.0,4088.0,4562.0,3984.0,3183,4148.0,4243.0,4502.0,3955.0,3473.0,4339.0,3423.0,3266.0,4379.0,4635.0,2552.0,3320.0,2980.0,2624.0,2761.0,3328.0,3454.0,4936.0,4407.0,3832.0,3813.0,3950.0,3980.0,4216.0,4172.0,3415.0,3993.0,3113.0,3094.0,3780.0,3735.0,3231.0,3277.0,2845.0,5024.0,4552.0,3536.0,4419.0,3952.0,3019.0,4395.0,4155.0
TIGR00029,2653.0,3520.0,3302.0,3586.0,3703.0,3275.0,3340.0,3694.0,3458.0,3514.0,3247.0,3592,3460.0,3552.0,3469.0,3519.0,3158.0,3662.0,3303.0,3445.0,3639.0,3543.0,2790.0,2889.0,3121.0,2818.0,2899.0,3312.0,3553.0,3478.0,3581.0,3767.0,3671.0,3206.0,3653.0,3392.0,3757.0,3247.0,3367.0,3300.0,2887.0,3386.0,3559.0,2874.0,3171.0,2850.0,3539.0,3651.0,3099.0,3640.0,3508.0,3515.0,3361.0,3551.0
TIGR00043,3875.0,4994.0,5162.0,5497.0,5316.0,5248.0,5159.0,5770.0,5003.0,5019.0,4953.0,5111,4988.0,5378.0,4975.0,5356.0,5010.0,5382.0,4759.0,5125.0,5846.0,5174.0,4009.0,4659.0,4661.0,4139.0,4114.0,4447.0,5498.0,5140.0,5293.0,4766.0,5410.0,5082.0,5575.0,5126.0,5256.0,4761.0,5250.0,4461.0,4064.0,4919.0,5464.0,4459.0,4362.0,4056.0,5499.0,5752.0,4517.0,5410.0,5008.0,4969.0,5006.0,4995.0
TIGR00059,3665.0,5041.0,4794.0,5341.0,5029.0,5224.0,4835.0,5311.0,5003.0,5194.0,4843.0,4921,4940.0,5455.0,4652.0,4998.0,4760.0,5085.0,4696.0,4707.0,5632.0,5104.0,4134.0,4556.0,4256.0,3900.0,4104.0,4443.0,5220.0,5141.0,5269.0,4669.0,4917.0,4764.0,5125.0,4921.0,5087.0,4469.0,4995.0,4550.0,4065.0,4718.0,5339.0,3927.0,4405.0,4026.0,5234.0,5228.0,4570.0,5112.0,4942.0,4807.0,4974.0,4813.0
TIGR00060,3084.0,3985.0,3738.0,4038.0,4507.0,4001.0,3550.0,4273.0,3807.0,3961.0,3687.0,4060,3897.0,4284.0,3948.0,4080.0,3918.0,4156.0,3913.0,3861.0,4343.0,4139.0,3269.0,3700.0,3574.0,3382.0,3565.0,3776.0,4212.0,3987.0,4116.0,3430.0,3941.0,3887.0,4184.0,3991.0,4111.0,3680.0,3864.0,3877.0,3500.0,3877.0,4002.0,3537.0,3635.0,3343.0,4237.0,4128.0,3491.0,4138.0,4005.0,3759.0,3728.0,4042.0
TIGR00061,3336.0,4437.0,4436.0,5142.0,5003.0,4565.0,4627.0,5033.0,4738.0,4754.0,4494.0,4845,4760.0,4641.0,4321.0,4778.0,4660.0,4572.0,4401.0,4663.0,5129.0,4870.0,3786.0,4184.0,4208.0,3789.0,4065.0,4354.0,5057.0,5176.0,4918.0,4759.0,4597.0,4438.0,4544.0,4713.0,4787.0,4179.0,4531.0,4079.0,3881.0,4582.0,4533.0,3979.0,3820.0,3599.0,4841.0,5007.0,4305.0,4577.0,4528.0,4539.0,4578.0,4241.0
TIGR00062,2909.0,3667.0,3622.0,3730.0,3967.0,3520.0,3612.0,4125.0,3741.0,4031.0,3831.0,4036,3948.0,3887.0,3485.0,3718.0,3737.0,3875.0,3676.0,3798.0,4216.0,3857.0,3064.0,3424.0,3350.0,3183.0,3385.0,3467.0,3894.0,3951.0,3834.0,3621.0,3677.0,3497.0,3802.0,3924.0,3896.0,3511.0,3480.0,3409.0,3021.0,3691.0,3786.0,3149.0,3263.0,3070.0,3752.0,4045.0,3468.0,3582.0,3481.0,3741.0,3786.0,3574.0
TIGR00064,3905.0,4978.0,5334.0,5398.0,4706.0,5196.0,4260.0,5335.0,5099.0,5170.0,4434.0,5117,4763.0,4614.0,5251.0,4876.0,4679.0,5212.0,4306.0,4520.0,5332.0,4447.0,3776.0,3925.0,3988.0,3880.0,3842.0,3923.0,4573.0,4893.0,4877.0,4249.0,4290.0,4525.0,5565.0,4267.0,4752.0,3582.0,5550.0,4354.0,3858.0,4150.0,4551.0,4211.0,4287.0,3734.0,5877.0,5342.0,4713.0,5009.0,4475.0,4733.0,4710.0,4636.0
TIGR00082,2889.0,3862.0,4000.0,4330.0,4268.0,3935.0,3826.0,4138.0,4009.0,4007.0,3922.0,4108,3824.0,4047.0,3784.0,4161.0,3620.0,4466.0,3700.0,3764.0,4380.0,3998.0,3162.0,3506.0,3323.0,3411.0,3175.0,3746.0,4132.0,3971.0,3914.0,3732.0,4084.0,3693.0,4197.0,3859.0,4063.0,3363.0,3664.0,3538.0,2989.0,4029.0,4005.0,3250.0,3507.0,3085.0,4192.0,4138.0,3315.0,4120.0,3854.0,3644.0,4062.0,3948.0
TIGR00086,3242.0,4482.0,4448.0,5097.0,5216.0,4792.0,4309.0,5352.0,4612.0,4971.0,4712.0,4911,4600.0,5187.0,4660.0,4875.0,4441.0,5051.0,4159.0,4638.0,5055.0,4805.0,3758.0,4238.0,4073.0,3513.0,3665.0,4093.0,4824.0,4777.0,5062.0,4777.0,4733.0,4461.0,5060.0,4608.0,4833.0,4069.0,4945.0,4320.0,3980.0,4803.0,4749.0,3797.0,3778.0,3917.0,5189.0,5008.0,4504.0,4903.0,4809.0,4631.0,4924.0,4548.0
TIGR00092,3886.0,4831.0,5412.0,5571.0,5482.0,5512.0,4964.0,5978.0,5607.0,6080.0,6115.0,5860,5720.0,6130.0,5164.0,5373.0,4768.0,5981.0,4993.0,4919.0,5110.0,5512.0,4137.0,5203.0,4903.0,4334.0,4748.0,4733.0,5959.0,5666.0,6109.0,4890.0,5628.0,5607.0,5544.0,5463.0,5886.0,4739.0,5240.0,4741.0,4726.0,5103.0,5881.0,4600.0,4164.0,4784.0,6301.0,5873.0,4576.0,6135.0,5621.0,4991.0,4543.0,6115.0
TIGR00115,5058.0,6711.0,7158.0,7639.0,7395.0,7029.0,7176.0,8041.0,7151.0,7091.0,7144.0,7289,6301.0,7578.0,7317.0,7296.0,6494.0,7125.0,6445.0,6851.0,7865.0,7712.0,5645.0,6950.0,5780.0,4911.0,5109.0,6337.0,6942.0,7146.0,7390.0,6051.0,7728.0,6319.0,7583.0,7565.0,7014.0,6711.0,7782.0,6008.0,5819.0,7297.0,7671.0,5292.0,5257.0,5662.0,8153.0,8100.0,6050.0,7324.0,6756.0,6852.0,7077.0,6474.0
TIGR00116,5729.0,7673.0,7733.0,7855.0,8052.0,7553.0,7436.0,8386.0,7623.0,7470.0,7423.0,7677,7348.0,7651.0,7214.0,7499.0,7263.0,8025.0,7058.0,7438.0,8522.0,7651.0,5970.0,7030.0,6869.0,6129.0,6143.0,6651.0,8208.0,7721.0,7660.0,7144.0,7554.0,6931.0,7792.0,7359.0,7613.0,6878.0,7743.0,6588.0,6119.0,7390.0,7784.0,6216.0,6173.0,5901.0,7651.0,8051.0,6739.0,7545.0,7330.0,7079.0,7284.0,7314.0
TIGR00152,3669.0,5085.0,5014.0,5513.0,4823.0,5295.0,4803.0,5462.0,4793.0,4639.0,4743.0,4807,4609.0,4906.0,4787.0,5147.0,5209.0,5301.0,4456.0,4556.0,5607.0,5307.0,4197.0,4691.0,4133.0,4156.0,3641.0,4144.0,4972.0,4743.0,4725.0,4450.0,5070.0,4842.0,5185.0,4431.0,4901.0,4494.0,4940.0,4430.0,4264.0,4867.0,5451.0,4058.0,4086.0,3737.0,5126.0,5188.0,4232.0,4973.0,4326.0,4841.0,5108.0,4740.0
TIGR00158,3872.0,5001.0,5335.0,5468.0,5430.0,5256.0,5003.0,5772.0,5124.0,5057.0,5200.0,5293,5129.0,5459.0,4845.0,5003.0,4954.0,5320.0,4705.0,4833.0,5660.0,5170.0,4251.0,4759.0,4494.0,4337.0,4325.0,4483.0,5552.0,5630.0,5210.0,4821.0,5185.0,4843.0,5626.0,5039.0,5058.0,4637.0,5023.0,4854.0,4169.0,5149.0,5445.0,4378.0,4450.0,4143.0,5379.0,5676.0,4795.0,5315.0,4908.0,4802.0,5055.0,4972.0
TIGR00165,3089.0,3844.0,3658.0,3982.0,4269.0,3692.0,3918.0,4200.0,3796.0,3915.0,3991.0,3937,3917.0,4145.0,3730.0,3850.0,3855.0,4044.0,3708.0,3778.0,4419.0,3826.0,3271.0,3532.0,3586.0,3216.0,3282.0,3453.0,4083.0,4039.0,3887.0,3870.0,3880.0,3851.0,4015.0,3657.0,3815.0,3388.0,3783.0,3622.0,3176.0,3890.0,3921.0,3286.0,3587.0,3097.0,3843.0,4027.0,3592.0,3929.0,3793.0,3692.0,3685.0,3632.0
TIGR00166,3425.0,4427.0,4131.0,4496.0,4774.0,4680.0,4319.0,4912.0,4447.0,4377.0,4631.0,4662,4363.0,4664.0,4668.0,4523.0,4466.0,4567.0,4352.0,4450.0,5307.0,4439.0,3653.0,4312.0,3906.0,3517.0,3703.0,4234.0,4928.0,4792.0,4783.0,4122.0,4745.0,4048.0,4750.0,4261.0,4399.0,4116.0,4402.0,4043.0,3776.0,4770.0,4658.0,3757.0,3978.0,3502.0,4678.0,4566.0,4359.0,4705.0,4392.0,4656.0,4491.0,4377.0
TIGR00168,4568.0,6152.0,5846.0,6674.0,6734.0,5942.0,6190.0,6512.0,6323.0,6758.0,6473.0,6617,6137.0,6658.0,6105.0,6187.0,5864.0,6615.0,5851.0,6124.0,6879.0,6366.0,5106.0,5901.0,5629.0,5096.0,5426.0,5789.0,6586.0,6835.0,6755.0,6527.0,6128.0,5891.0,6592.0,6454.0,6270.0,5643.0,5872.0,5714.0,5036.0,6380.0,6408.0,5187.0,5223.0,5072.0,6357.0,6621.0,5930.0,6384.0,6170.0,6057.0,6352.0,5858.0
TIGR00234,7732.0,9906.0,10068.0,10977.0,10717.0,10474.0,9646.0,11067.0,9855.0,10006.0,9747.0,10773,9569.0,10612.0,10105.0,10639.0,9544.0,10672.0,9477.0,9847.0,10756.0,10798.0,8091.0,9827.0,8829.0,8303.0,8163.0,9221.0,11672.0,10758.0,10843.0,9922.0,10266.0,9509.0,11049.0,10354.0,9896.0,9391.0,10326.0,8884.0,7974.0,10233.0,10331.0,8161.0,8838.0,8382.0,11187.0,11202.0,9108.0,10221.0,9667.0,9408.0,10169.0,9725.0
TIGR00337,3051.0,5242.0,6408.0,5330.0,4904.0,5147.0,4299.0,5666.0,4959.0,5497.0,5430.0,5205,4940.0,5815.0,5139.0,5685.0,4957.0,4671.0,4792.0,4618.0,5800.0,5236.0,3652.0,4369.0,4464.0,4272.0,4000.0,4283.0,4731.0,5904.0,6150.0,5087.0,4254.0,4621.0,4701.0,5206.0,6289.0,4564.0,4930.0,5189.0,4515.0,5641.0,4888.0,4127.0,4598.0,3392.0,5142.0,5099.0,4871.0,4895.0,5492.0,4707.0,4301.0,5504.0
TIGR00344,4529.0,6696.0,8309.0,6299.0,7592.0,7101.0,6113.0,8317.0,7511.0,7485.0,6850.0,7566,6121.0,7603.0,7124.0,7590.0,7287.0,6556.0,5951.0,6898.0,6447.0,6597.0,5106.0,5819.0,5483.0,5676.0,6458.0,6268.0,7702.0,7423.0,7507.0,8079.0,7669.0,5980.0,7790.0,6494.0,7525.0,6512.0,6530.0,6739.0,6004.0,7907.0,7455.0,5376.0,6210.0,6229.0,9222.0,7839.0,5655.0,7583.0,6995.0,6181.0,7134.0,7641.0
TIGR00362,3721.0,4542.0,5730.0,5974.0,6058.0,5010.0,4936.0,5702.0,5349.0,6011.0,6575.0,6221,5429.0,5904.0,5531.0,6293.0,5598.0,5963.0,4738.0,4587.0,6137.0,5737.0,4067.0,4535.0,5619.0,5072.0,4971.0,4645.0,6257.0,6192.0,5835.0,5345.0,5217.0,5550.0,5661.0,5485.0,5923.0,4741.0,6519.0,5530.0,4859.0,6223.0,5316.0,4720.0,5215.0,4405.0,7111.0,5313.0,4550.0,6636.0,5310.0,5183.0,4909.0,6197.0
TIGR00388,2558.0,2716.0,2353.0,2528.0,3207.0,2851.0,2690.0,3421.0,2747.0,2606.0,2504.0,2356,2693.0,2420.0,2450.0,3231.0,2907.0,2936.0,3072.0,2987.0,3365.0,2798.0,2256.0,2775.0,2320.0,1968.0,2366.0,2635.0,2822.0,2781.0,2738.0,2943.0,3242.0,2706.0,3205.0,2770.0,2798.0,2366.0,2508.0,2690.0,2262.0,2532.0,3102.0,2645.0,2614.0,2249.0,3946.0,2933.0,2758.0,2715.0,2733.0,2327.0,2328.0,2592.0
TIGR00389,1393.0,2234.0,2474.0,2694.0,2838.0,2515.0,2408.0,2024.0,2700.0,2763.0,3213.0,2911,2430.0,2815.0,2766.0,2770.0,2222.0,2577.0,1956.0,2311.0,2540.0,2484.0,1896.0,2682.0,2176.0,1738.0,2231.0,2460.0,2928.0,3098.0,3264.0,2919.0,2086.0,2059.0,2390.0,2755.0,2564.0,2666.0,2512.0,2422.0,1998.0,2728.0,2037.0,1697.0,2344.0,1706.0,1948.0,2534.0,2097.0,2688.0,2556.0,2528.0,2583.0,2444.0
TIGR00392,3497.0,3411.0,3986.0,5048.0,5208.0,3903.0,3645.0,4189.0,4063.0,4799.0,4571.0,5954,4577.0,5477.0,4674.0,4805.0,4102.0,4219.0,4103.0,4742.0,4694.0,4564.0,3393.0,3362.0,4648.0,3993.0,4156.0,2096.0,4878.0,6207.0,5482.0,5367.0,4457.0,3537.0,4130.0,3749.0,4932.0,5361.0,4724.0,4803.0,2574.0,5129.0,5354.0,4028.0,4344.0,2874.0,5906.0,4865.0,4839.0,3839.0,4172.0,4036.0,4671.0,5737.0
TIGR00396,5223.0,5788.0,5956.0,6105.0,6020.0,6029.0,5817.0,6723.0,7377.0,7266.0,7442.0,7499,6674.0,7490.0,6813.0,6273.0,5700.0,6556.0,5342.0,6350.0,6763.0,6060.0,4188.0,4985.0,5003.0,4052.0,5043.0,5926.0,6285.0,7741.0,7093.0,6280.0,7004.0,5267.0,5778.0,6645.0,6437.0,5212.0,6528.0,4204.0,4656.0,6452.0,5791.0,4609.0,5865.0,4559.0,6845.0,5066.0,4867.0,7098.0,6654.0,4642.0,6525.0,6177.0
TIGR00408,436.0,736.0,849.0,1374.0,610.0,1210.0,665.0,1094.0,1006.0,1358.0,737.0,1580,1042.0,1084.0,1215.0,1036.0,493.0,695.0,983.0,966.0,1010.0,704.0,612.0,923.0,311.0,438.0,386.0,1283.0,981.0,1769.0,1065.0,319.0,794.0,497.0,920.0,1236.0,968.0,951.0,356.0,928.0,900.0,1066.0,835.0,703.0,529.0,1012.0,538.0,1220.0,809.0,1070.0,814.0,701.0,808.0,1227.0
TIGR00409,4619.0,5257.0,5874.0,5965.0,6261.0,5346.0,5083.0,6413.0,5343.0,5180.0,4734.0,5223,5792.0,6081.0,6318.0,6331.0,4609.0,5942.0,5200.0,5804.0,6005.0,6117.0,4562.0,5901.0,5349.0,4193.0,5027.0,5164.0,6372.0,5103.0,5285.0,6116.0,6103.0,4911.0,6304.0,5445.0,5801.0,5333.0,6172.0,5168.0,4917.0,6429.0,5581.0,4976.0,4771.0,4728.0,6826.0,6440.0,5792.0,6177.0,5473.0,5175.0,6286.0,5621.0
TIGR00414,3929.0,4684.0,5507.0,5918.0,6130.0,6232.0,4829.0,5876.0,6258.0,6032.0,5969.0,6112,5359.0,6211.0,5271.0,5593.0,5353.0,5824.0,4658.0,4980.0,5899.0,5959.0,4687.0,5013.0,4398.0,4422.0,3912.0,4499.0,6412.0,6320.0,6300.0,4835.0,5508.0,5442.0,5350.0,6490.0,5911.0,4901.0,5644.0,4716.0,4913.0,5875.0,6134.0,4130.0,4570.0,4774.0,6301.0,6458.0,5139.0,5493.0,5201.0,4924.0,5361.0,5608.0
TIGR00418,3984.0,6532.0,7326.0,7249.0,7140.0,6381.0,6280.0,6958.0,6422.0,7232.0,8170.0,7183,6931.0,6785.0,6028.0,6424.0,5578.0,6915.0,5738.0,6285.0,6719.0,7035.0,4611.0,5282.0,5343.0,5065.0,5221.0,6232.0,6637.0,7656.0,6036.0,6659.0,7476.0,6806.0,6766.0,7606.0,6853.0,6589.0,6712.0,6421.0,4929.0,6008.0,6983.0,5142.0,4599.0,5456.0,7705.0,7161.0,6406.0,6959.0,7094.0,6698.0,6365.0,6480.0
TIGR00420,3320.0,4031.0,4954.0,5140.0,4573.0,5223.0,4551.0,4678.0,4386.0,4805.0,4418.0,5078,4567.0,5194.0,5484.0,5295.0,4136.0,5262.0,3858.0,5056.0,4307.0,5331.0,4216.0,4615.0,3760.0,3462.0,3605.0,4167.0,4934.0,4773.0,4614.0,4486.0,4733.0,4171.0,4876.0,4351.0,4799.0,4098.0,4644.0,4430.0,3528.0,5327.0,5091.0,3879.0,4037.0,3793.0,5192.0,4825.0,3912.0,4512.0,3978.0,4314.0,5158.0,4792.0
TIGR00422,3078.0,5479.0,5749.0,5661.0,5857.0,3748.0,4588.0,4911.0,4594.0,5876.0,5262.0,6163,3963.0,5384.0,4108.0,5625.0,6047.0,5243.0,4581.0,4608.0,5180.0,4929.0,3611.0,4496.0,3938.0,3585.0,3406.0,4347.0,5342.0,6693.0,6793.0,4634.0,5008.0,4611.0,5585.0,5426.0,5976.0,4256.0,5358.0,3854.0,4595.0,5815.0,4158.0,3497.0,2978.0,3585.0,7272.0,5158.0,3752.0,5693.0,5856.0,4602.0,5282.0,5647.0
TIGR00435,3238.0,4942.0,5360.0,5657.0,5793.0,4901.0,4706.0,4706.0,4816.0,5765.0,5594.0,5503,4533.0,4876.0,5637.0,5325.0,4857.0,5750.0,3880.0,4351.0,5332.0,5723.0,3642.0,4077.0,3985.0,3796.0,4205.0,4333.0,5385.0,6285.0,4975.0,4011.0,5367.0,4853.0,4730.0,4879.0,5808.0,3781.0,4507.0,4357.0,4039.0,5166.0,5143.0,4063.0,4466.0,4071.0,5640.0,5434.0,4170.0,5822.0,4628.0,4964.0,5549.0,5104.0
TIGR00436,4150.0,6025.0,5585.0,5647.0,6248.0,6213.0,5504.0,6640.0,5827.0,4940.0,5452.0,5854,5826.0,6163.0,6110.0,6072.0,5087.0,6024.0,5080.0,5296.0,6187.0,5547.0,4510.0,5170.0,4781.0,4187.0,4462.0,4958.0,6067.0,5245.0,5773.0,5402.0,5755.0,5760.0,6742.0,5698.0,5563.0,5554.0,5513.0,4919.0,4438.0,5552.0,5716.0,4560.0,4567.0,4540.0,6570.0,6862.0,5142.0,6535.0,5222.0,5212.0,5624.0,5551.0
TIGR00442,3253.0,3724.0,5191.0,4248.0,5582.0,4791.0,4017.0,3973.0,3811.0,4492.0,3775.0,4048,4010.0,4215.0,4739.0,3937.0,3850.0,4372.0,3548.0,4579.0,4526.0,4264.0,2599.0,4020.0,3641.0,3548.0,3666.0,4030.0,4240.0,4516.0,4667.0,4112.0,4368.0,3765.0,4524.0,4077.0,4578.0,3823.0,5233.0,4116.0,3561.0,4270.0,4322.0,3225.0,3738.0,3345.0,4449.0,4175.0,3121.0,5010.0,3953.0,3729.0,3464.0,4933.0
TIGR00459,4048.0,5568.0,6292.0,6264.0,5566.0,5465.0,5556.0,5742.0,5278.0,6776.0,5782.0,6066,5188.0,6094.0,5953.0,6180.0,5238.0,6105.0,5690.0,5399.0,6115.0,6073.0,5092.0,5401.0,4672.0,4407.0,4036.0,4673.0,6651.0,7134.0,6054.0,5669.0,6367.0,5188.0,6513.0,6107.0,5451.0,5033.0,5863.0,4554.0,4877.0,5641.0,4702.0,4279.0,4774.0,4656.0,7371.0,6598.0,4467.0,4846.0,4267.0,6211.0,5074.0,5456.0
TIGR00460,3187.0,4572.0,4743.0,4584.0,4053.0,4662.0,3950.0,5093.0,3978.0,4027.0,4037.0,3986,4096.0,4254.0,4642.0,4506.0,4210.0,4759.0,3989.0,3517.0,4863.0,4913.0,3294.0,3880.0,3847.0,3482.0,3521.0,3278.0,4198.0,4357.0,4618.0,3717.0,4254.0,4152.0,4677.0,3580.0,3936.0,3181.0,4558.0,3589.0,3742.0,4087.0,4368.0,3813.0,3746.0,2992.0,5212.0,4579.0,3678.0,4068.0,4054.0,3779.0,4499.0,4357.0
TIGR00468,3482.0,4795.0,4812.0,5150.0,5237.0,4127.0,4502.0,4964.0,5051.0,4611.0,4465.0,5371,4533.0,4870.0,5195.0,5252.0,4769.0,5996.0,4060.0,4745.0,5029.0,5215.0,3727.0,4522.0,4011.0,4001.0,3723.0,4352.0,5266.0,5748.0,5177.0,4897.0,4216.0,4478.0,4918.0,5472.0,5391.0,4606.0,4867.0,4435.0,3575.0,4870.0,4731.0,4032.0,4007.0,3881.0,5393.0,5381.0,4398.0,5415.0,5171.0,4590.0,4629.0,4393.0
TIGR00471,18.0,,,,11.0,,,,,,20.0,29,,,,,10.0,,,,,,,,,,,24.0,,13.0,27.0,,,11.0,,,,,,,,,,,19.0,,,,,,30.0,,,
TIGR00472,3937.0,4676.0,5372.0,4306.0,5286.0,4841.0,5581.0,5180.0,5454.0,6107.0,5250.0,5375,4736.0,5776.0,5618.0,6093.0,4666.0,5486.0,5201.0,4974.0,5082.0,4485.0,3537.0,4586.0,4683.0,3748.0,3698.0,3752.0,5895.0,5552.0,5847.0,4920.0,5277.0,4515.0,4363.0,3544.0,5018.0,4496.0,6458.0,5472.0,5490.0,5370.0,5579.0,3590.0,5151.0,3463.0,6334.0,6103.0,4455.0,5553.0,5449.0,5202.0,4536.0,5529.0
TIGR00487,5101.0,6501.0,6429.0,6946.0,6377.0,6531.0,5615.0,7508.0,6972.0,7006.0,7620.0,6839,6036.0,6227.0,6058.0,7081.0,6303.0,6397.0,6243.0,6897.0,7319.0,7302.0,4847.0,5532.0,5361.0,4782.0,5847.0,5577.0,7672.0,7867.0,8340.0,7564.0,6969.0,5818.0,6651.0,6890.0,6010.0,5936.0,6292.0,6163.0,5585.0,6729.0,5854.0,5673.0,6538.0,5067.0,7831.0,6855.0,5673.0,6058.0,6984.0,6213.0,6387.0,7086.0
TIGR00496,3205.0,4489.0,4437.0,4942.0,5077.0,4983.0,4668.0,4773.0,4635.0,5092.0,4240.0,5243,4624.0,4658.0,4527.0,5077.0,4440.0,4702.0,4170.0,4752.0,4897.0,4763.0,3600.0,4364.0,3929.0,3936.0,4006.0,4480.0,5052.0,5145.0,5207.0,4733.0,4600.0,4267.0,5068.0,4740.0,4830.0,4054.0,4437.0,4302.0,3764.0,4738.0,4638.0,3803.0,3818.0,3946.0,4777.0,5012.0,4047.0,5178.0,4789.0,4607.0,5161.0,4499.0
TIGR00575,4807.0,6607.0,7513.0,6473.0,6578.0,6854.0,5945.0,7844.0,7263.0,6820.0,6484.0,7325,5888.0,6772.0,6182.0,7793.0,6285.0,7293.0,5451.0,6087.0,6940.0,7532.0,4281.0,6767.0,5809.0,4085.0,5869.0,5334.0,7114.0,6745.0,5948.0,6060.0,6350.0,5950.0,6938.0,5830.0,7437.0,6649.0,7221.0,5745.0,5904.0,6614.0,6806.0,5399.0,5707.0,4678.0,8337.0,7576.0,5762.0,5757.0,7002.0,6493.0,6891.0,6354.0
TIGR00631,2748.0,3741.0,3814.0,3989.0,5210.0,3702.0,2738.0,3437.0,3234.0,3511.0,3473.0,3294,2957.0,3002.0,4008.0,4808.0,3454.0,3263.0,2621.0,3845.0,3392.0,4714.0,1614.0,3334.0,2926.0,2590.0,2645.0,2467.0,3981.0,3827.0,4105.0,3581.0,3532.0,3162.0,4134.0,4111.0,3711.0,3852.0,3554.0,3791.0,3711.0,3470.0,3867.0,2095.0,2841.0,3215.0,5024.0,2947.0,2933.0,3046.0,4115.0,3141.0,3939.0,4583.0
TIGR00663,5629.0,7725.0,7470.0,8589.0,8352.0,8329.0,8129.0,7713.0,7699.0,8026.0,7770.0,7429,7364.0,7784.0,8128.0,7390.0,7321.0,8351.0,7314.0,7744.0,8306.0,8155.0,6450.0,7530.0,6942.0,6446.0,6231.0,6961.0,8104.0,8552.0,8349.0,8147.0,8054.0,7775.0,8038.0,7237.0,7702.0,7534.0,7603.0,6735.0,6670.0,8129.0,8173.0,6747.0,6549.0,5895.0,8487.0,9039.0,6611.0,8282.0,8003.0,7667.0,8173.0,7805.0
TIGR00810,3155.0,3760.0,3728.0,4146.0,3952.0,4033.0,3867.0,4223.0,3870.0,3787.0,3851.0,3888,3901.0,4134.0,3879.0,4016.0,3787.0,3893.0,3479.0,3774.0,4169.0,3987.0,3225.0,3527.0,3694.0,3120.0,3081.0,3496.0,4102.0,3970.0,3552.0,3667.0,3985.0,3710.0,4190.0,3707.0,3704.0,3568.0,3916.0,3687.0,3363.0,4110.0,4145.0,3513.0,3297.0,3258.0,4006.0,4112.0,3286.0,3917.0,3646.0,3817.0,3927.0,3693.0
TIGR00855,3393.0,4045.0,4102.0,4215.0,4577.0,4180.0,4214.0,4659.0,4279.0,4460.0,4412.0,4339,4396.0,4196.0,4115.0,4225.0,4223.0,4537.0,4114.0,4232.0,4740.0,4296.0,4000.0,4057.0,4032.0,3690.0,3902.0,3690.0,4451.0,4560.0,4711.0,4196.0,4269.0,4158.0,4585.0,3989.0,4304.0,4103.0,4298.0,4011.0,3762.0,4274.0,4331.0,3933.0,3977.0,3569.0,4618.0,4282.0,4166.0,4424.0,4271.0,4291.0,4133.0,4233.0
TIGR00922,3326.0,4566.0,4397.0,4687.0,4949.0,4717.0,4255.0,4986.0,4848.0,5010.0,4973.0,5655,4723.0,5165.0,4485.0,4943.0,4037.0,5027.0,4340.0,4592.0,5078.0,4435.0,3958.0,4011.0,4141.0,3452.0,3976.0,4729.0,5037.0,5376.0,5375.0,4979.0,4836.0,4590.0,5150.0,5006.0,4598.0,4264.0,4144.0,4606.0,3954.0,4939.0,4931.0,4116.0,3684.0,3597.0,5098.0,5014.0,4482.0,4725.0,4566.0,4102.0,4415.0,4588.0
TIGR00952,3065.0,3884.0,3624.0,4129.0,4185.0,3899.0,3912.0,4392.0,4221.0,4069.0,4042.0,4054,3972.0,4256.0,3870.0,4029.0,3887.0,4155.0,4004.0,3871.0,4475.0,3963.0,3386.0,3876.0,3656.0,3286.0,3504.0,3657.0,4378.0,4417.0,4416.0,4121.0,4005.0,3856.0,4181.0,4182.0,4203.0,3598.0,3914.0,3661.0,3359.0,4064.0,4090.0,3469.0,3320.0,3270.0,4139.0,4317.0,3789.0,3900.0,4214.0,3900.0,4079.0,3904.0
TIGR00959,2880.0,2866.0,2995.0,3685.0,2910.0,3529.0,2862.0,3166.0,3603.0,3598.0,2441.0,3225,3252.0,2664.0,3032.0,3097.0,3161.0,3465.0,3226.0,2791.0,3876.0,4409.0,2410.0,2486.0,2639.0,1779.0,3094.0,2762.0,3430.0,4276.0,3256.0,3086.0,3015.0,3233.0,3620.0,2837.0,3282.0,2885.0,3562.0,2718.0,2565.0,2734.0,2911.0,2364.0,1979.0,1762.0,4550.0,3479.0,1925.0,3432.0,2604.0,2904.0,2705.0,3202.0
TIGR00963,3093.0,4658.0,5126.0,4995.0,5982.0,5329.0,5286.0,5542.0,5254.0,6210.0,5139.0,6918,6153.0,4522.0,5264.0,5614.0,4428.0,5796.0,4245.0,4736.0,4400.0,6203.0,3084.0,5776.0,4889.0,3964.0,5654.0,5259.0,5623.0,8322.0,4162.0,5731.0,4578.0,5325.0,5899.0,5137.0,5386.0,6304.0,5180.0,4424.0,4651.0,6580.0,4914.0,3232.0,4982.0,3701.0,7092.0,5278.0,4329.0,7210.0,5380.0,4055.0,6295.0,6031.0
TIGR00964,2964.0,3777.0,3581.0,3986.0,4183.0,3730.0,3730.0,3954.0,3972.0,3801.0,4035.0,3936,3581.0,4147.0,3953.0,3908.0,3506.0,3977.0,3618.0,3763.0,4359.0,3957.0,3142.0,3438.0,3437.0,3077.0,3368.0,3549.0,4092.0,3898.0,4131.0,3606.0,3988.0,3385.0,3927.0,3952.0,3912.0,3528.0,3938.0,3648.0,2993.0,3919.0,4069.0,3233.0,3331.0,3106.0,3939.0,4187.0,3526.0,4025.0,3644.0,3790.0,3902.0,3649.0
TIGR00967,4583.0,5261.0,6139.0,6091.0,6295.0,5760.0,5353.0,6279.0,5294.0,5642.0,5800.0,6658,6001.0,6166.0,6383.0,5655.0,6292.0,6030.0,5360.0,5835.0,5721.0,5637.0,4402.0,5222.0,4832.0,4065.0,4625.0,5280.0,6585.0,5634.0,6585.0,5694.0,6184.0,5146.0,5569.0,6064.0,6100.0,5222.0,5580.0,5494.0,4542.0,6689.0,5702.0,4856.0,5364.0,5052.0,6538.0,5763.0,5275.0,5448.0,5925.0,5768.0,5849.0,6211.0
TIGR00981,3780.0,4831.0,4657.0,5165.0,5301.0,4983.0,4863.0,5261.0,5050.0,5350.0,5167.0,5295,5146.0,5257.0,4826.0,5084.0,4859.0,5038.0,4784.0,5102.0,5554.0,5070.0,4019.0,4655.0,4320.0,4104.0,4234.0,4505.0,5372.0,5399.0,5340.0,5201.0,4813.0,4744.0,5093.0,5153.0,4867.0,4613.0,4796.0,4477.0,4263.0,4777.0,5072.0,4228.0,4045.0,4116.0,4990.0,5149.0,4785.0,4967.0,4948.0,4833.0,5027.0,4797.0
TIGR01009,5454.0,7073.0,6944.0,7318.0,7579.0,7239.0,7264.0,7774.0,7114.0,7366.0,7346.0,7388,7027.0,7248.0,6661.0,7283.0,7096.0,7401.0,6825.0,7247.0,8120.0,7375.0,5891.0,6718.0,6430.0,5817.0,6080.0,6170.0,7475.0,7420.0,7807.0,6943.0,7378.0,6656.0,7356.0,7432.0,7106.0,6527.0,7141.0,6317.0,5897.0,6957.0,7260.0,5760.0,6048.0,5831.0,7555.0,7341.0,6585.0,7250.0,7081.0,6765.0,6543.0,7116.0
TIGR01011,6452.0,8511.0,8035.0,9131.0,9089.0,8746.0,8600.0,9483.0,8863.0,8967.0,9037.0,9095,8451.0,8769.0,8165.0,8802.0,8708.0,8788.0,7965.0,8354.0,9718.0,8844.0,7259.0,8300.0,7593.0,6996.0,6936.0,7771.0,8913.0,9368.0,9247.0,8575.0,8259.0,8318.0,8921.0,8403.0,8331.0,7729.0,8348.0,7597.0,7007.0,8818.0,8822.0,7117.0,7065.0,6490.0,8649.0,9323.0,8294.0,8589.0,8284.0,8553.0,8254.0,8310.0
TIGR01017,3451.0,4919.0,4407.0,4830.0,5322.0,4489.0,4082.0,5315.0,4511.0,4863.0,5385.0,4701,4982.0,5229.0,5440.0,5012.0,4392.0,5140.0,4628.0,4548.0,5515.0,4394.0,3326.0,4612.0,4082.0,3968.0,3643.0,4870.0,4829.0,5220.0,4504.0,4650.0,4246.0,4512.0,4562.0,5199.0,4827.0,4853.0,5111.0,4031.0,4079.0,4603.0,4209.0,3961.0,4161.0,3768.0,5462.0,4714.0,4377.0,5073.0,4276.0,4722.0,4319.0,4874.0
TIGR01021,3127.0,4127.0,4077.0,4253.0,4742.0,4116.0,4200.0,4509.0,4357.0,4258.0,4696.0,4571,3798.0,4523.0,3827.0,3710.0,4200.0,4828.0,4028.0,4046.0,4834.0,4353.0,3447.0,3882.0,3908.0,3620.0,3355.0,3112.0,3935.0,4656.0,4512.0,4175.0,4343.0,4215.0,4116.0,4390.0,4202.0,3449.0,4001.0,3793.0,3727.0,4331.0,3944.0,3268.0,3465.0,3471.0,4590.0,3964.0,3657.0,4202.0,4222.0,3910.0,3983.0,4318.0
TIGR01024,3655.0,4781.0,4548.0,5184.0,5058.0,4930.0,4652.0,5146.0,4932.0,5040.0,5147.0,4956,4812.0,4907.0,4780.0,4973.0,4771.0,5218.0,4408.0,4696.0,5544.0,4773.0,4093.0,4746.0,4282.0,3924.0,4175.0,4274.0,5142.0,5462.0,5050.0,4954.0,4860.0,4719.0,5128.0,4939.0,4930.0,4375.0,4478.0,4321.0,4115.0,4938.0,5005.0,4086.0,4165.0,3938.0,4832.0,5299.0,4472.0,4971.0,4912.0,4851.0,4831.0,4425.0
TIGR01029,3418.0,4395.0,4576.0,5000.0,4942.0,4751.0,5020.0,5198.0,4892.0,4962.0,5177.0,5216,4510.0,4968.0,4652.0,4731.0,4653.0,4992.0,4448.0,4449.0,5234.0,4982.0,3772.0,4493.0,4121.0,3809.0,4008.0,4364.0,5199.0,5334.0,5432.0,4691.0,4698.0,4746.0,4818.0,5076.0,4978.0,4384.0,4621.0,4359.0,3896.0,4724.0,4760.0,3872.0,3851.0,3891.0,4887.0,4877.0,4422.0,4910.0,4981.0,4795.0,4750.0,4509.0
TIGR01030,1152.0,1780.0,1779.0,1831.0,1646.0,1684.0,1770.0,1655.0,1781.0,1895.0,1317.0,1567,1833.0,1977.0,1599.0,1611.0,1774.0,1837.0,1652.0,1674.0,2020.0,1882.0,1409.0,1730.0,1518.0,1369.0,1466.0,1371.0,1763.0,1857.0,1712.0,1763.0,1701.0,1487.0,1601.0,1735.0,1985.0,1516.0,1706.0,1460.0,1373.0,1493.0,1669.0,1349.0,1351.0,1416.0,1691.0,1877.0,1468.0,1741.0,1805.0,1795.0,1797.0,1570.0
TIGR01031,2363.0,2926.0,2887.0,3203.0,2982.0,3036.0,2770.0,3178.0,2990.0,2996.0,2851.0,3021,3035.0,3190.0,2982.0,3031.0,2893.0,3048.0,2861.0,3005.0,3239.0,2928.0,2378.0,2833.0,2709.0,2434.0,2527.0,2725.0,3078.0,3168.0,2815.0,2895.0,2914.0,2799.0,3013.0,3065.0,3174.0,2681.0,2773.0,2663.0,2341.0,2829.0,3036.0,2518.0,2603.0,2429.0,3249.0,3278.0,2690.0,3077.0,3070.0,3184.0,2828.0,2838.0
TIGR01032,3714.0,4899.0,4534.0,5049.0,5126.0,4776.0,4787.0,5396.0,4870.0,4951.0,4926.0,5273,4789.0,5198.0,4759.0,4849.0,4609.0,5141.0,4705.0,4771.0,5515.0,4928.0,4045.0,4643.0,4232.0,3993.0,4154.0,4387.0,5267.0,5171.0,5010.0,5041.0,4887.0,4652.0,5095.0,4948.0,4844.0,4224.0,5022.0,4452.0,4057.0,4610.0,4875.0,4228.0,4163.0,3950.0,4830.0,5161.0,4551.0,4832.0,5002.0,4816.0,4866.0,4739.0
TIGR01044,3324.0,4461.0,4110.0,4441.0,4747.0,4693.0,4285.0,4851.0,4200.0,4627.0,4641.0,3973,4288.0,4845.0,4183.0,4398.0,4356.0,4666.0,4035.0,4430.0,4983.0,4500.0,3295.0,4272.0,3805.0,3712.0,3779.0,3867.0,4686.0,4211.0,4778.0,4081.0,4372.0,4190.0,4310.0,4428.0,4205.0,4059.0,4447.0,4329.0,3669.0,4386.0,4478.0,3626.0,3735.0,3476.0,4505.0,4808.0,4029.0,4615.0,4196.0,4293.0,4405.0,4305.0
TIGR01049,3334.0,4363.0,3957.0,4660.0,4550.0,4354.0,4332.0,4823.0,4591.0,4616.0,4621.0,4568,4441.0,4639.0,4236.0,4367.0,4322.0,4558.0,4192.0,4361.0,4924.0,4325.0,3829.0,4200.0,3914.0,3575.0,3839.0,4269.0,4807.0,4736.0,4769.0,4495.0,4428.0,4339.0,4345.0,4720.0,4541.0,3945.0,4352.0,4089.0,3636.0,4385.0,4504.0,3703.0,3945.0,3679.0,4344.0,4853.0,4250.0,4564.0,4474.0,4632.0,4447.0,4222.0
TIGR01050,3044.0,4027.0,3916.0,4214.0,4412.0,4107.0,4125.0,4460.0,4062.0,4174.0,4447.0,4045,4227.0,4393.0,3678.0,4032.0,4225.0,4373.0,4056.0,4296.0,4603.0,4085.0,3496.0,3861.0,3520.0,3293.0,3473.0,3819.0,4411.0,4281.0,4081.0,3827.0,4032.0,3932.0,4009.0,4192.0,4155.0,3668.0,3992.0,3652.0,3380.0,4037.0,3934.0,3464.0,3447.0,3292.0,4242.0,4229.0,3764.0,3913.0,4266.0,4069.0,3993.0,4176.0
TIGR01059,2371.0,1445.0,2329.0,2347.0,2606.0,2430.0,2631.0,1955.0,2859.0,2684.0,1782.0,2501,1897.0,1594.0,2273.0,3090.0,1946.0,1908.0,2027.0,2188.0,1444.0,2990.0,1924.0,2311.0,1496.0,1483.0,1698.0,1452.0,1658.0,2835.0,3310.0,1930.0,2665.0,1956.0,1608.0,2470.0,1434.0,1268.0,2133.0,1673.0,3383.0,2099.0,2168.0,1823.0,2741.0,2229.0,2650.0,1820.0,2719.0,2396.0,1941.0,2456.0,2243.0,2932.0
TIGR01063,2630.0,4458.0,3247.0,3171.0,2748.0,4391.0,3723.0,4390.0,3627.0,4372.0,4415.0,4705,4231.0,3095.0,4029.0,2587.0,4085.0,3430.0,3483.0,2549.0,3296.0,3086.0,2296.0,2916.0,2908.0,2013.0,2604.0,3749.0,3993.0,4127.0,3052.0,3420.0,3069.0,2635.0,3199.0,3800.0,4076.0,3116.0,2983.0,2849.0,2772.0,4083.0,4138.0,2502.0,2567.0,2580.0,4816.0,3292.0,2844.0,3953.0,2816.0,3656.0,3878.0,3341.0
TIGR01066,3737.0,4957.0,4756.0,5092.0,5564.0,5251.0,5220.0,5502.0,5130.0,5173.0,5540.0,5470,5104.0,5538.0,4865.0,5217.0,4988.0,5458.0,4821.0,5177.0,5712.0,5360.0,4085.0,4605.0,4716.0,4469.0,4380.0,4529.0,5689.0,5408.0,5555.0,5397.0,5099.0,5082.0,5346.0,5370.0,5232.0,4712.0,5210.0,4750.0,4302.0,5361.0,5379.0,4494.0,4472.0,4288.0,5435.0,5434.0,4992.0,5195.0,5130.0,5191.0,5081.0,4825.0
TIGR01067,3473.0,4599.0,4321.0,4652.0,4853.0,4311.0,4233.0,4564.0,4372.0,4681.0,4857.0,4697,4394.0,4606.0,4171.0,4436.0,4525.0,4559.0,4335.0,4440.0,5059.0,4529.0,3849.0,4339.0,3976.0,3504.0,3732.0,3928.0,4806.0,4961.0,4861.0,4619.0,4428.0,4203.0,4581.0,4465.0,4648.0,4167.0,4311.0,3930.0,3824.0,4412.0,4252.0,3657.0,3752.0,3536.0,4361.0,4591.0,4191.0,4532.0,4782.0,4230.0,4213.0,4337.0
TIGR01071,3911.0,5205.0,4912.0,5736.0,5783.0,5370.0,5224.0,5770.0,5263.0,5457.0,5004.0,5474,5005.0,5600.0,5101.0,5326.0,5147.0,5271.0,4765.0,4930.0,5767.0,5371.0,4344.0,4974.0,4433.0,4009.0,4199.0,4614.0,5485.0,5412.0,5406.0,5056.0,5100.0,4908.0,5545.0,5311.0,5222.0,4771.0,5140.0,4575.0,4161.0,5239.0,5576.0,4342.0,4512.0,4083.0,5218.0,5487.0,4628.0,5130.0,5173.0,4946.0,5382.0,4980.0
TIGR01079,3401.0,4409.0,4011.0,4379.0,4907.0,4437.0,4168.0,4703.0,4291.0,4350.0,4351.0,4436,4140.0,4491.0,4357.0,4079.0,4122.0,4452.0,4078.0,4477.0,4880.0,4219.0,3636.0,4017.0,3825.0,3468.0,3795.0,3893.0,4617.0,4624.0,4564.0,4216.0,4503.0,4086.0,4405.0,4186.0,4397.0,3896.0,4304.0,3994.0,3645.0,4304.0,4592.0,3668.0,3904.0,3560.0,4342.0,4786.0,4034.0,4488.0,4602.0,4364.0,4385.0,4181.0
TIGR01164,3885.0,5137.0,5176.0,5632.0,5442.0,5278.0,5224.0,5598.0,5486.0,5573.0,5372.0,5406,5137.0,5624.0,4939.0,5291.0,4934.0,5458.0,4911.0,5044.0,5771.0,5349.0,4372.0,5023.0,4660.0,4215.0,4330.0,4423.0,5832.0,5484.0,5586.0,5314.0,5260.0,5196.0,5313.0,5365.0,5147.0,4797.0,5027.0,4720.0,4303.0,5286.0,5244.0,4191.0,4243.0,4004.0,5388.0,5445.0,4905.0,5303.0,5030.0,5054.0,5282.0,5190.0
TIGR01169,3482.0,4556.0,4454.0,5108.0,5238.0,5003.0,4714.0,4958.0,4667.0,5083.0,4770.0,4834,4575.0,5157.0,4605.0,4784.0,4898.0,4897.0,4411.0,4472.0,4945.0,4951.0,4104.0,4827.0,4004.0,3827.0,3907.0,4275.0,5445.0,4953.0,5094.0,4956.0,5243.0,4291.0,5132.0,4942.0,5008.0,4430.0,4541.0,4158.0,3791.0,4741.0,4987.0,4115.0,4270.0,3744.0,5340.0,4992.0,4088.0,5266.0,4626.0,4550.0,4482.0,4953.0
TIGR01171,4865.0,7328.0,6893.0,7708.0,7541.0,7424.0,7420.0,7928.0,7419.0,7670.0,7294.0,7415,7104.0,8266.0,6738.0,7242.0,7400.0,7480.0,7061.0,7209.0,7961.0,7330.0,5869.0,6940.0,6611.0,5686.0,5771.0,6529.0,8030.0,7738.0,7824.0,7601.0,7394.0,7162.0,7561.0,7830.0,7398.0,6784.0,7215.0,6286.0,5771.0,6820.0,7496.0,5771.0,5540.0,5850.0,7847.0,8185.0,6318.0,7133.0,7060.0,6997.0,6706.0,7484.0
TIGR01391,4194.0,5995.0,6314.0,6386.0,5500.0,5437.0,5089.0,6284.0,5082.0,5416.0,5550.0,5905,5628.0,4644.0,5907.0,6189.0,5257.0,5030.0,5589.0,5466.0,5498.0,5680.0,4187.0,5080.0,4897.0,4105.0,4300.0,4837.0,6757.0,6209.0,5465.0,6216.0,5837.0,4981.0,6145.0,5631.0,5697.0,5253.0,5371.0,5313.0,4650.0,6044.0,5095.0,3921.0,4415.0,4050.0,6236.0,5253.0,4505.0,6278.0,5484.0,4744.0,5625.0,4790.0
TIGR01393,4154.0,5387.0,4922.0,4619.0,6080.0,5041.0,4657.0,5327.0,5166.0,5654.0,5466.0,4785,5324.0,4655.0,5021.0,5723.0,5431.0,5060.0,5017.0,4697.0,5168.0,4892.0,3462.0,5256.0,4643.0,3698.0,4132.0,4800.0,5476.0,5513.0,5305.0,4946.0,6355.0,4487.0,5567.0,6106.0,5448.0,4128.0,4848.0,4888.0,4842.0,5686.0,5334.0,3955.0,4293.0,4061.0,4995.0,5505.0,4342.0,6395.0,5255.0,4963.0,5267.0,4484.0
TIGR01632,3325.0,4168.0,4104.0,4447.0,4539.0,4352.0,4151.0,4784.0,4425.0,4501.0,4606.0,4634,4268.0,4420.0,3825.0,4342.0,4326.0,4281.0,3906.0,4306.0,4801.0,4356.0,3768.0,4252.0,4057.0,3385.0,3508.0,4016.0,4375.0,4676.0,4975.0,4469.0,4561.0,4066.0,4332.0,4458.0,4484.0,3656.0,4263.0,3873.0,3439.0,4325.0,4483.0,3539.0,3649.0,3616.0,4181.0,4708.0,4080.0,4525.0,4238.0,3832.0,4417.0,4054.0
TIGR01953,4940.0,6368.0,6469.0,6971.0,7065.0,6096.0,5718.0,6638.0,5690.0,5988.0,6356.0,6842,6000.0,6527.0,5738.0,6574.0,5790.0,6237.0,6194.0,6493.0,6794.0,6512.0,5127.0,6216.0,5130.0,4597.0,5095.0,5408.0,6840.0,6842.0,6834.0,6271.0,6738.0,5123.0,6987.0,6138.0,5811.0,5157.0,6881.0,5764.0,4929.0,5944.0,5901.0,5650.0,4986.0,5081.0,6538.0,6954.0,5722.0,6539.0,6465.0,6043.0,5543.0,5696.0
TIGR02012,5019.0,5982.0,6424.0,6828.0,6567.0,6651.0,6125.0,6489.0,6763.0,6683.0,6872.0,6284,6162.0,7067.0,6368.0,6746.0,5857.0,7014.0,6085.0,6216.0,6587.0,6463.0,5233.0,6020.0,5253.0,5186.0,5314.0,5291.0,6555.0,7638.0,7086.0,6353.0,6563.0,6378.0,6619.0,6758.0,6551.0,5258.0,6848.0,5549.0,4879.0,6542.0,6611.0,5276.0,5078.0,4948.0,6584.0,6932.0,5568.0,6522.0,6102.0,5992.0,6351.0,6252.0
TIGR02013,2893.0,5960.0,5703.0,4518.0,5582.0,5683.0,5214.0,5408.0,5076.0,6252.0,5489.0,7280,5137.0,5445.0,5287.0,5619.0,4722.0,4822.0,4833.0,6033.0,5025.0,6378.0,3253.0,5209.0,4572.0,2963.0,4908.0,4668.0,5508.0,6081.0,8181.0,5262.0,5415.0,5257.0,4623.0,4844.0,4722.0,3962.0,4035.0,4672.0,4949.0,4913.0,4173.0,3347.0,4139.0,3791.0,6298.0,5157.0,3366.0,5210.0,6417.0,4558.0,3693.0,4708.0
TIGR02027,3584.0,4615.0,4847.0,5216.0,5401.0,4615.0,4679.0,5459.0,5015.0,5268.0,5774.0,5940,5081.0,5124.0,5196.0,5126.0,4808.0,4910.0,4576.0,5123.0,5463.0,5343.0,3791.0,4668.0,4060.0,3747.0,4748.0,4351.0,5722.0,5302.0,6149.0,5097.0,4584.0,4586.0,4494.0,5449.0,5265.0,4148.0,5089.0,4208.0,4075.0,4719.0,4590.0,3851.0,4670.0,3600.0,5209.0,5536.0,4511.0,5297.0,5137.0,4664.0,3669.0,4549.0
TIGR02191,3410.0,4046.0,4085.0,4382.0,4384.0,4495.0,3708.0,4771.0,4361.0,3962.0,3425.0,4073,4013.0,4219.0,4477.0,4651.0,3806.0,4820.0,3810.0,4176.0,4350.0,4162.0,3156.0,4151.0,3625.0,2939.0,3150.0,3690.0,4207.0,4449.0,4269.0,4088.0,4172.0,3812.0,4702.0,4108.0,3763.0,4192.0,4385.0,3712.0,3894.0,4220.0,4700.0,3418.0,3438.0,3091.0,4608.0,4058.0,3310.0,4178.0,4142.0,3809.0,3903.0,4360.0
TIGR02350,1957.0,3032.0,3685.0,3667.0,3377.0,3957.0,2415.0,3757.0,3397.0,3599.0,3433.0,3968,1874.0,3292.0,2569.0,4746.0,3080.0,2385.0,2518.0,3143.0,2551.0,3972.0,1443.0,2519.0,2588.0,1484.0,2168.0,2086.0,2873.0,3766.0,4697.0,2429.0,2936.0,2323.0,3471.0,3900.0,3154.0,2478.0,3431.0,2228.0,2368.0,2732.0,2256.0,2288.0,3268.0,2982.0,2388.0,2633.0,2405.0,2396.0,3372.0,3279.0,2769.0,3721.0
TIGR02386,1786.0,4429.0,2931.0,2543.0,3501.0,3662.0,2402.0,4216.0,2789.0,5380.0,3655.0,3744,3116.0,4358.0,3298.0,4035.0,3474.0,3573.0,2993.0,4322.0,3596.0,2706.0,1882.0,2624.0,2886.0,1691.0,2686.0,2545.0,4665.0,3895.0,4869.0,4634.0,2789.0,2853.0,3845.0,2633.0,3039.0,4107.0,3167.0,3283.0,2937.0,3435.0,3277.0,2221.0,2946.0,2416.0,3116.0,2977.0,3160.0,2882.0,4036.0,2377.0,2768.0,4822.0
TIGR02387,,,,,,,,80.0,,66.0,,109,,64.0,,,,,,,,,,,,,,,76.0,,,,,,,,,84.0,,,44.0,,50.0,,,40.0,56.0,,,59.0,,,,49.0
TIGR02397,4295.0,5975.0,6805.0,6394.0,7015.0,6546.0,6034.0,7157.0,6513.0,7136.0,6483.0,7220,6761.0,6293.0,5994.0,6858.0,6373.0,7051.0,6023.0,6209.0,6485.0,6559.0,4995.0,5564.0,5214.0,4763.0,5335.0,5370.0,7633.0,7721.0,7167.0,6466.0,6297.0,6163.0,7196.0,6121.0,6293.0,6146.0,6875.0,5976.0,4675.0,6407.0,6882.0,5291.0,5080.0,5409.0,6927.0,6763.0,5272.0,6242.0,5862.0,5856.0,6323.0,6371.0
TIGR02432,4217.0,5163.0,5378.0,4943.0,4955.0,5092.0,5107.0,5886.0,4644.0,4571.0,4328.0,5117,4745.0,4756.0,5194.0,5558.0,4933.0,5610.0,4209.0,4924.0,5602.0,5582.0,4617.0,4495.0,4865.0,4663.0,3935.0,3568.0,5117.0,5248.0,4987.0,4676.0,5329.0,4424.0,5765.0,4152.0,4168.0,4540.0,5146.0,4856.0,4524.0,4859.0,5323.0,4390.0,4602.0,3986.0,5467.0,4659.0,4031.0,4795.0,4035.0,4139.0,4781.0,4946.0
TIGR02729,4111.0,5963.0,6140.0,6291.0,5640.0,6322.0,6029.0,6342.0,5815.0,5990.0,5874.0,5435,5505.0,6189.0,6116.0,5850.0,5242.0,6706.0,5326.0,5140.0,6038.0,5369.0,4421.0,5560.0,4779.0,4745.0,4530.0,5169.0,6628.0,5843.0,5599.0,5726.0,6967.0,5133.0,6002.0,5109.0,6276.0,5617.0,6322.0,5650.0,4683.0,6227.0,5867.0,4566.0,5571.0,4498.0,6220.0,6049.0,4971.0,6478.0,5853.0,5321.0,6370.0,5454.0
TIGR03263,2950.0,4688.0,3711.0,4753.0,4732.0,4236.0,3917.0,4571.0,4381.0,3911.0,4056.0,4209,3825.0,4206.0,4591.0,4564.0,3915.0,4324.0,3714.0,4272.0,4981.0,4305.0,3266.0,3788.0,3754.0,3215.0,3215.0,3299.0,4541.0,4605.0,4011.0,4084.0,4551.0,4280.0,4721.0,4188.0,4327.0,3702.0,3930.0,3782.0,3481.0,4412.0,4807.0,3510.0,3549.0,3283.0,4925.0,4817.0,3538.0,4679.0,3868.0,4190.0,4273.0,4341.0
TIGR03594,4323.0,5448.0,6534.0,6199.0,6852.0,6564.0,5781.0,6572.0,6089.0,6013.0,6346.0,5809,6577.0,6202.0,5986.0,6038.0,5986.0,6673.0,5739.0,5973.0,7006.0,5930.0,4868.0,5453.0,4823.0,4274.0,4226.0,5313.0,6481.0,5688.0,5794.0,6121.0,6324.0,5636.0,6753.0,6369.0,6515.0,5380.0,6634.0,5224.0,5032.0,6845.0,6197.0,4795.0,5073.0,4358.0,7368.0,6703.0,5464.0,6119.0,6104.0,6105.0,6235.0,5959.0
tRNA-synt_1d,11905.0,16359.0,16094.0,17499.0,16987.0,17002.0,16285.0,18376.0,15922.0,16100.0,16506.0,16742,15494.0,17097.0,16090.0,17947.0,15176.0,17115.0,14745.0,15738.0,18078.0,17234.0,13207.0,15418.0,13984.0,12722.0,12405.0,13761.0,17911.0,16885.0,16736.0,16005.0,16578.0,15880.0,17614.0,16655.0,15831.0,14717.0,16229.0,14188.0,12730.0,15763.0,16478.0,12868.0,12831.0,12278.0,16989.0,17633.0,14558.0,17188.0,15672.0,15460.0,15152.0,15799.0
