"1","K13337"
"2","K03418"
"3","K01732"
"4","K12942"
"5","K13989"
"6","K00064"
"7","K00096"
"8","K01081"
"9","K01684"
"10","K01917"
"11","K02521"
"12","K03573"
"13","K03698"
"14","K04114"
"15","K05889"
"16","K07046"
"17","K07313"
"18","K08235"
"19","K09950"
"20","K10556"
"21","K12073"
"22","K12190"
"23","K13086"
"24","K13687"
"25","K14463"
"26","K15643"
"27","K00010"
"28","K01060"
"29","K01630"
"30","K01661"
"31","K05305"
"32","K05384"
"33","K07281"
"34","K07282"
"35","K09928"
"36","K10440"
"37","K02057"
"38","K02441"
"39","K06399"
"40","K07071"
"41","K07663"
"42","K07748"
"43","K07996"
"44","K09744"
"45","K10120"
"46","K10439"
"47","K10907"
"48","K15836"
"49","K13020"
"50","K11384"
"51","K15580"
"52","K02056"
"53","K00827"
"54","K00936"
"55","K02363"
"56","K03130"
"57","K03184"
"58","K03856"
"59","K03878"
"60","K06139"
"61","K06160"
"62","K06402"
"63","K06896"
"64","K07335"
"65","K07714"
"66","K10441"
"67","K12987"
"68","K14317"
"69","K15663"
"70","K15471"
"71","K03409"
"72","K07114"
"73","K01236"
"74","K00507"
"75","K05569"
"76","K06021"
"77","K06968"
"78","K07037"
"79","K07051"
"80","K07338"
"81","K07762"
"82","K15581"
"83","K03882"
"84","K00086"
"85","K00282"
"86","K00477"
"87","K01486"
"88","K01816"
"89","K02011"
"90","K03303"
"91","K04496"
"92","K05346"
"93","K06044"
"94","K07641"
"95","K08232"
"96","K09284"
"97","K09835"
"98","K09879"
"99","K10776"
"100","K10852"
"101","K13058"
"102","K13574"
"103","K15631"
"104","K15257"
"105","K05884"
"106","K01228"
"107","K03192"
"108","K06883"
"109","K09947"
"110","K00875"
"111","K01706"
"112","K07093"
"113","K12992"
"114","K16088"
"115","K02584"
"116","K03271"
"117","K03810"
"118","K05793"
"119","K07151"
"120","K07214"
"121","K07307"
"122","K09478"
"123","K11838"
"124","K12450"
"125","K01730"
"126","K03082"
"127","K06045"
"128","K01739"
"129","K09953"
"130","K01130"
"131","K01299"
"132","K03335"
"133","K07257"
"134","K09627"
"135","K09859"
"136","K13703"
"137","K00039"
"138","K03932"
"139","K09992"
"140","K16090"
"141","K01809"
"142","K01912"
"143","K13317"
"144","K07677"
"145","K00230"
"146","K01619"
"147","K06860"
"148","K08884"
"149","K11894"
"150","K06443"
"151","K07138"
"152","K15975"
"153","K00118"
"154","K00895"
"155","K00972"
"156","K03324"
"157","K05812"
"158","K10537"
"159","K15582"
"160","K16183"
"161","K00441"
"162","K00996"
"163","K01428"
"164","K01769"
"165","K01805"
"166","K06617"
"167","K07182"
"168","K10545"
"169","K11644"
"170","K12941"
"171","K13298"
"172","K00058"
"173","K00661"
"174","K00797"
"175","K01134"
"176","K01196"
"177","K02012"
"178","K02806"
"179","K03641"
"180","K07023"
"181","K07140"
"182","K07558"
"183","K07709"
"184","K07755"
"185","K09769"
"186","K10012"
"187","K10610"
"188","K12286"
"189","K12600"
"190","K13311"
"191","K14977"
"192","K15331"
"193","K15536"
"194","K01823"
"195","K01261"
"196","K01534"
"197","K02082"
"198","K09458"
"199","K13654"
"200","K03453"
"201","K02510"
"202","K01250"
"203","K03088"
"204","K07783"
"205","K15256"
"206","K00688"
"207","K07060"
"208","K07657"
"209","K10106"
"210","K05946"
"211","K00073"
"212","K01083"
"213","K01133"
"214","K01273"
"215","K01668"
"216","K03742"
"217","K03883"
"218","K05829"
"219","K08222"
"220","K10538"
"221","K13582"
"222","K01312"
"223","K03660"
"224","K11801"
"225","K04656"
"226","K12970"
"227","K04013"
"228","K00042"
"229","K02289"
"230","K04034"
"231","K07031"
"232","K07793"
"233","K11646"
"234","K13602"
"235","K13680"
"236","K13721"
"237","K14084"
"238","K00934"
"239","K01136"
"240","K01781"
"241","K02636"
"242","K13606"
"243","K10352"
"244","K03385"
"245","K00366"
"246","K02041"
"247","K04021"
"248","K06231"
"249","K06409"
"250","K14596"
"251","K00620"
"252","K02431"
"253","K02482"
"254","K03737"
"255","K04028"
"256","K07041"
"257","K12261"
"258","K12454"
"259","K13587"
"260","K01138"
"261","K13015"
"262","K05396"
"263","K01958"
"264","K10841"
"265","K15763"
"266","K00543"
"267","K00700"
"268","K01590"
"269","K05941"
"270","K10709"
"271","K15408"
"272","K14536"
"273","K12860"
"274","K02549"
"275","K07261"
"276","K00114"
"277","K00587"
"278","K03183"
"279","K03471"
"280","K03632"
"281","K04659"
"282","K04767"
"283","K05386"
"284","K00886"
"285","K06999"
"286","K00066"
"287","K01562"
"288","K01845"
"289","K03214"
"290","K10704"
"291","K12446"
"292","K13011"
"293","K13280"
"294","K13348"
"295","K01438"
"296","K05665"
"297","K07121"
"298","K11169"
"299","K15986"
"300","K01820"
"301","K02438"
"302","K07715"
"303","K02031"
"304","K05195"
"305","K07130"
"306","K13924"
"307","K06015"
"308","K06951"
"309","K09778"
"310","K11292"
"311","K02033"
"312","K03701"
"313","K00117"
"314","K00184"
"315","K00239"
"316","K00616"
"317","K00848"
"318","K01223"
"319","K01387"
"320","K01483"
"321","K01714"
"322","K02405"
"323","K02862"
"324","K03167"
"325","K03633"
"326","K05568"
"327","K06229"
"328","K07014"
"329","K07404"
"330","K09785"
"331","K10206"
"332","K10539"
"333","K11816"
"334","K14735"
"335","K14753"
"336","K11051"
"337","K14152"
"338","K07065"
"339","K11304"
"340","K08191"
"341","K13017"
"342","K15736"
"343","K00283"
"344","K01768"
"345","K03739"
"346","K00428"
"347","K00693"
"348","K01113"
"349","K02034"
"350","K06320"
"351","K07027"
"352","K07104"
"353","K13832"
"354","K15670"
"355","K01179"
"356","K02077"
"357","K05971"
"358","K08989"
"359","K09121"
"360","K09667"
"361","K13626"
"362","K03974"
"363","K08070"
"364","K05555"
"365","K13525"
"366","K01641"
"367","K11710"
"368","K10865"
"369","K07064"
"370","K07079"
"371","K06174"
"372","K04711"
"373","K01054"
"374","K06213"
"375","K00008"
"376","K06990"
"377","K07232"
"378","K14379"
"379","K02654"
"380","K00899"
"381","K01092"
"382","K02598"
"383","K07231"
"384","K15421"
"385","K06871"
"386","K07713"
"387","K15531"
"388","K08324"
"389","K09949"
"390","K13509"
"391","K00332"
"392","K02490"
"393","K03886"
"394","K13283"
"395","K01812"
"396","K06548"
"397","K16202"
"398","K01622"
"399","K07393"
"400","K00082"
"401","K01971"
"402","K02489"
"403","K16300"
"404","K12392"
"405","K00756"
"406","K00853"
"407","K02429"
"408","K06898"
"409","K12035"
"410","K01006"
"411","K01209"
"412","K01696"
"413","K01761"
"414","K04094"
"415","K07016"
"416","K09700"
"417","K01376"
"418","K00721"
"419","K00065"
"420","K00240"
"421","K01953"
"422","K02844"
"423","K12428"
"424","K07167"
"425","K08138"
"426","K11915"
"427","K01061"
"428","K02552"
"429","K03884"
"430","K03969"
"431","K12460"
"432","K05989"
"433","K06888"
"434","K02352"
"435","K04071"
"436","K00372"
"437","K09479"
"438","K00016"
"439","K12524"
"440","K06922"
"441","K00975"
"442","K06180"
"443","K13444"
"444","K15633"
"445","K00241"
"446","K00614"
"447","K01053"
"448","K07465"
"449","K14840"
"450","K00703"
"451","K09726"
"452","K14326"
"453","K03769"
"454","K02305"
"455","K00702"
"456","K08481"
"457","K09988"
"458","K15910"
"459","K01575"
"460","K02347"
"461","K03068"
"462","K11961"
"463","K00208"
"464","K04618"
"465","K03429"
"466","K00705"
"467","K06889"
"468","K06937"
"469","K00129"
"470","K15530"
"471","K03301"
"472","K15396"
"473","K00971"
"474","K03187"
"475","K08832"
"476","K07369"
"477","K11325"
"478","K03290"
"479","K00633"
"480","K03395"
"481","K14261"
"482","K02392"
"483","K00925"
"484","K10530"
"485","K02481"
"486","K00761"
"487","K03924"
"488","K07678"
"489","K08976"
"490","K03152"
"491","K10454"
"492","K03273"
"493","K03669"
"494","K16192"
"495","K14216"
"496","K15176"
"497","K00839"
"498","K01654"
"499","K03665"
"500","K04565"
"501","K10255"
"502","K00323"
"503","K01051"
"504","K05801"
"505","K01066"
"506","K08992"
"507","K00955"
"508","K01687"
"509","K01686"
"510","K08567"
"511","K01120"
"512","K01234"
"513","K02485"
"514","K03517"
"515","K09902"
"516","K07687"
"517","K00143"
"518","K03881"
"519","K05807"
"520","K07062"
"521","K08322"
"522","K10597"
"523","K11021"
"524","K11835"
"525","K02676"
"526","K05794"
"527","K09523"
"528","K06969"
