,T_GUS_25,T_CCD8_7,T_CCD8_9,T_CCD8_16,T_722_12,T_MMA_4,T_GUS_10,T_722_15,T_MMA_3,T_EP_4,T_712_7,T_EP_3,T_712_9,T_722_14,T_722_13,T_MMA_5,T_GUS_16,T_CCD8_10,T_GUS_18,T_MMA_11,T_712_11,T_712_16,T_CCD8_8,T_712_18,T_GUS_23,T_CCD8_1,T_722_5,T_712_8,T_712_6,T_EP_2,T_722_1,T_722_6,T_712_2,T_EP_1,T_MMA_6,T_GUS_12,T_722_17,T_MMA_1,T_MMA_12,T_CCD8_14,T_CCD8_13,T_CCD8_5,T_GUS_20,T_712_4,T_722_9,T_GUS_21,T_GUS_26,T_CCD8_3,T_712_13,T_712_14,T_MMA_13,T_CCD8_15,T_GUS_13,T_722_16
16S_rRNA_methyltrans,,,6.0,,,,,,,,,,,,3.0,,,,,,,,,,,,3.0,,,,,,,,3.0,,,,,,6.0,,,,,,17.0,,,,,,,
AAC3,849.0,695.0,735.0,749.0,844.0,774.0,885.0,814.0,775.0,943.0,658.0,994.0,619.0,792.0,733.0,565.0,977.0,710.0,770.0,747.0,464.0,627.0,642.0,754.0,833.0,928.0,722.0,758.0,670.0,1099.0,808.0,767.0,691.0,945.0,605.0,678.0,857.0,832.0,853.0,605.0,763.0,827.0,832.0,654.0,958.0,922.0,712.0,825.0,634.0,696.0,780.0,711.0,687.0,695.0
AAC3-I,2283.0,2323.0,1984.0,1680.0,1884.0,2182.0,2074.0,2075.0,2162.0,1440.0,1786.0,1500.0,1772.0,1895.0,1789.0,1976.0,2746.0,1785.0,2203.0,2204.0,1309.0,2039.0,1665.0,1523.0,2201.0,2058.0,2574.0,1799.0,1820.0,1783.0,1911.0,1631.0,1650.0,1478.0,1900.0,2136.0,1863.0,1885.0,2181.0,1691.0,1921.0,2166.0,2213.0,1775.0,2175.0,2032.0,2085.0,2388.0,1934.0,1666.0,2076.0,2108.0,1962.0,2047.0
AAC6-I,858.0,776.0,718.0,720.0,802.0,662.0,695.0,863.0,636.0,868.0,591.0,742.0,810.0,805.0,748.0,910.0,826.0,807.0,843.0,778.0,786.0,602.0,620.0,483.0,749.0,833.0,656.0,701.0,596.0,718.0,663.0,669.0,490.0,984.0,631.0,860.0,785.0,827.0,804.0,873.0,604.0,604.0,729.0,729.0,796.0,683.0,780.0,957.0,702.0,687.0,774.0,655.0,692.0,712.0
AAC6-II,2521.0,2581.0,2387.0,2135.0,2439.0,2288.0,2450.0,2702.0,2625.0,2927.0,1884.0,2841.0,2143.0,2301.0,1940.0,1792.0,2693.0,2351.0,2540.0,2229.0,1682.0,1631.0,1887.0,1791.0,2177.0,2995.0,2329.0,2231.0,1892.0,2492.0,2489.0,2404.0,2129.0,2876.0,2575.0,2196.0,2537.0,2288.0,2964.0,2171.0,2154.0,2347.0,2589.0,2142.0,2733.0,2889.0,2359.0,2635.0,1744.0,2098.0,2648.0,2506.0,2179.0,2038.0
AAC6-Ib,436.0,374.0,318.0,281.0,195.0,439.0,375.0,290.0,458.0,433.0,216.0,302.0,283.0,445.0,272.0,395.0,229.0,330.0,284.0,481.0,213.0,309.0,314.0,234.0,370.0,432.0,278.0,304.0,277.0,311.0,376.0,347.0,252.0,286.0,401.0,314.0,373.0,336.0,433.0,345.0,242.0,317.0,226.0,282.0,566.0,423.0,449.0,432.0,309.0,246.0,516.0,413.0,303.0,349.0
ABC_efflux,96434.0,93152.0,94702.0,89387.0,92677.0,90057.0,100521.0,96288.0,98344.0,93693.0,70992.0,92268.0,82470.0,89147.0,84557.0,83270.0,100619.0,90191.0,98088.0,92073.0,69606.0,76797.0,87857.0,76673.0,97464.0,105000.0,93199.0,81506.0,71486.0,92379.0,87526.0,88423.0,73887.0,92592.0,79775.0,92285.0,92171.0,97368.0,100026.0,86507.0,90320.0,93445.0,85502.0,72009.0,102714.0,98656.0,100732.0,96066.0,73859.0,75712.0,91426.0,95263.0,89324.0,84463.0
ANT,250.0,164.0,158.0,275.0,209.0,219.0,319.0,226.0,234.0,316.0,197.0,321.0,263.0,196.0,244.0,197.0,221.0,190.0,206.0,304.0,204.0,183.0,168.0,310.0,179.0,275.0,243.0,296.0,226.0,187.0,303.0,238.0,137.0,350.0,256.0,223.0,190.0,273.0,230.0,238.0,258.0,195.0,246.0,149.0,290.0,157.0,175.0,222.0,214.0,202.0,186.0,215.0,204.0,155.0
ANT2,140.0,156.0,185.0,137.0,192.0,181.0,239.0,169.0,232.0,182.0,86.0,222.0,143.0,140.0,124.0,169.0,140.0,141.0,148.0,133.0,140.0,118.0,108.0,117.0,106.0,244.0,139.0,136.0,63.0,120.0,214.0,136.0,123.0,135.0,152.0,98.0,209.0,228.0,260.0,101.0,154.0,81.0,159.0,135.0,148.0,155.0,160.0,109.0,79.0,162.0,216.0,187.0,152.0,138.0
ANT3,43.0,22.0,34.0,5.0,78.0,62.0,25.0,67.0,48.0,20.0,17.0,40.0,33.0,64.0,52.0,18.0,61.0,32.0,54.0,20.0,41.0,31.0,28.0,16.0,33.0,40.0,25.0,56.0,7.0,6.0,23.0,45.0,21.0,95.0,16.0,28.0,7.0,93.0,104.0,39.0,6.0,22.0,60.0,25.0,35.0,33.0,17.0,43.0,29.0,11.0,71.0,36.0,58.0,84.0
ANT4,26.0,33.0,60.0,4.0,55.0,57.0,,50.0,49.0,60.0,12.0,42.0,13.0,20.0,37.0,51.0,30.0,51.0,29.0,32.0,42.0,41.0,55.0,28.0,47.0,,30.0,66.0,31.0,,31.0,47.0,30.0,100.0,61.0,9.0,9.0,32.0,27.0,31.0,52.0,41.0,93.0,59.0,48.0,38.0,17.0,20.0,14.0,27.0,,43.0,16.0,79.0
ANT6,19.0,7.0,19.0,27.0,14.0,30.0,6.0,22.0,,49.0,22.0,16.0,21.0,14.0,30.0,,18.0,13.0,9.0,15.0,20.0,6.0,25.0,19.0,5.0,4.0,18.0,4.0,29.0,11.0,7.0,21.0,9.0,24.0,40.0,6.0,11.0,37.0,9.0,15.0,26.0,12.0,4.0,,13.0,7.0,25.0,24.0,34.0,15.0,16.0,29.0,22.0,4.0
ANT9,95.0,63.0,66.0,34.0,45.0,31.0,54.0,81.0,61.0,12.0,50.0,100.0,33.0,50.0,32.0,73.0,71.0,38.0,35.0,66.0,43.0,61.0,33.0,24.0,29.0,99.0,54.0,100.0,25.0,115.0,64.0,44.0,36.0,35.0,22.0,71.0,24.0,51.0,68.0,13.0,47.0,47.0,67.0,41.0,70.0,71.0,49.0,30.0,66.0,50.0,100.0,78.0,45.0,98.0
APH3,3269.0,3483.0,3742.0,3222.0,3551.0,3934.0,4038.0,3725.0,4089.0,4338.0,2824.0,3911.0,3507.0,3529.0,3203.0,3210.0,4099.0,4169.0,4081.0,4657.0,2504.0,3336.0,3172.0,3140.0,3449.0,5126.0,4028.0,3830.0,2992.0,2982.0,4285.0,3813.0,3839.0,4642.0,3185.0,3303.0,3483.0,3520.0,4481.0,2626.0,3118.0,4066.0,3449.0,3675.0,3808.0,4811.0,3220.0,4177.0,2571.0,3381.0,3535.0,3811.0,3142.0,3373.0
APH3',1915.0,2194.0,1833.0,2147.0,1931.0,1857.0,2139.0,2037.0,2150.0,2445.0,1695.0,2403.0,1416.0,1630.0,1574.0,1322.0,2113.0,2123.0,1410.0,1863.0,1297.0,1466.0,1565.0,1655.0,1964.0,2049.0,1823.0,1449.0,1611.0,1697.0,1868.0,1583.0,1792.0,2203.0,1810.0,1876.0,1616.0,1829.0,2121.0,1722.0,1775.0,1813.0,1761.0,1443.0,2056.0,2465.0,1453.0,2381.0,1118.0,1635.0,1909.0,1985.0,1775.0,1759.0
APH3'',5294.0,5043.0,5080.0,4867.0,4993.0,5087.0,5180.0,5539.0,5482.0,5659.0,4379.0,5423.0,4966.0,5204.0,4988.0,5294.0,5327.0,4986.0,5329.0,5092.0,4481.0,4595.0,4706.0,4354.0,5258.0,6036.0,5159.0,4763.0,4364.0,5456.0,5339.0,5163.0,4322.0,5585.0,4868.0,5103.0,5365.0,5656.0,5279.0,5490.0,5382.0,4995.0,4786.0,3954.0,5555.0,5268.0,5417.0,5182.0,4310.0,4437.0,5247.0,5588.0,5011.0,5178.0
APH6,2857.0,2517.0,2934.0,2625.0,3096.0,3303.0,3123.0,3102.0,3421.0,3647.0,2378.0,3282.0,2365.0,2588.0,2315.0,2215.0,3015.0,2839.0,2897.0,3083.0,2123.0,2427.0,2323.0,2395.0,2372.0,3909.0,3027.0,2620.0,2340.0,2552.0,2559.0,2698.0,2448.0,3571.0,2510.0,2392.0,2635.0,2979.0,3455.0,2407.0,2635.0,3042.0,2811.0,2258.0,3143.0,3553.0,2648.0,3202.0,1898.0,2309.0,3369.0,3049.0,2666.0,2317.0
ArmA_Rmt,546.0,575.0,545.0,450.0,633.0,421.0,489.0,419.0,358.0,563.0,405.0,481.0,387.0,720.0,493.0,408.0,375.0,442.0,605.0,516.0,382.0,319.0,503.0,357.0,389.0,471.0,515.0,400.0,349.0,433.0,430.0,550.0,278.0,697.0,395.0,473.0,485.0,457.0,703.0,439.0,388.0,557.0,319.0,335.0,452.0,372.0,363.0,469.0,426.0,363.0,314.0,509.0,427.0,442.0
BCII,,,,,,8.0,,,,9.0,,6.0,5.0,,,,,,20.0,4.0,,3.0,,7.0,,,,,,,,3.0,,,9.0,,6.0,7.0,,,4.0,10.0,9.0,,8.0,,,9.0,,,9.0,,,
BJP,123.0,75.0,65.0,75.0,104.0,62.0,85.0,138.0,65.0,117.0,79.0,105.0,116.0,114.0,68.0,90.0,132.0,113.0,90.0,65.0,117.0,118.0,132.0,92.0,205.0,167.0,89.0,62.0,79.0,91.0,84.0,97.0,63.0,176.0,131.0,90.0,65.0,80.0,91.0,71.0,97.0,58.0,100.0,96.0,105.0,106.0,86.0,83.0,78.0,115.0,85.0,123.0,83.0,67.0
BlaB,7.0,,9.0,7.0,,3.0,10.0,7.0,11.0,,,,,9.0,12.0,21.0,16.0,,3.0,,4.0,5.0,,4.0,,9.0,,,,4.0,23.0,16.0,,9.0,22.0,5.0,5.0,,30.0,32.0,,,,,,,7.0,6.0,9.0,,7.0,7.0,18.0,23.0
CARB-PSE,35.0,8.0,95.0,111.0,42.0,29.0,53.0,50.0,10.0,55.0,37.0,56.0,117.0,45.0,90.0,35.0,14.0,65.0,48.0,11.0,6.0,18.0,81.0,6.0,97.0,14.0,9.0,30.0,10.0,212.0,41.0,84.0,43.0,,22.0,5.0,119.0,79.0,68.0,82.0,94.0,90.0,54.0,27.0,11.0,39.0,84.0,40.0,44.0,66.0,87.0,21.0,11.0,37.0
CMY-LAT-MOX-ACT-MIR-FOX,2057.0,2058.0,2508.0,2128.0,1692.0,2254.0,3041.0,2627.0,2446.0,2101.0,1846.0,2178.0,2016.0,2149.0,2002.0,1730.0,2518.0,3561.0,1775.0,2729.0,1675.0,2236.0,2339.0,1851.0,1783.0,2888.0,2174.0,2146.0,1577.0,2078.0,2158.0,1916.0,2437.0,1832.0,2034.0,2090.0,1821.0,2127.0,2767.0,2039.0,1740.0,2363.0,1750.0,2064.0,1937.0,2875.0,2338.0,2748.0,1910.0,2236.0,1946.0,2304.0,1755.0,1896.0
CTXM,115.0,76.0,86.0,76.0,76.0,94.0,83.0,149.0,69.0,137.0,53.0,33.0,54.0,56.0,52.0,80.0,94.0,38.0,91.0,139.0,54.0,68.0,26.0,94.0,78.0,135.0,70.0,71.0,91.0,19.0,64.0,46.0,98.0,26.0,46.0,63.0,63.0,39.0,134.0,11.0,75.0,127.0,115.0,48.0,104.0,88.0,68.0,147.0,79.0,39.0,85.0,39.0,38.0,85.0
CblA,,,4.0,,10.0,6.0,7.0,,,,,,,17.0,,,,,,28.0,5.0,,,19.0,,,5.0,,4.0,,9.0,3.0,,6.0,12.0,,,,,16.0,4.0,4.0,,,3.0,,,16.0,,,3.0,,,
CepA,9.0,3.0,6.0,17.0,4.0,18.0,3.0,,,,,9.0,,6.0,5.0,14.0,,3.0,28.0,,,10.0,,,7.0,5.0,9.0,,,17.0,,,4.0,1.0,,12.0,14.0,3.0,,36.0,,,,3.0,,,5.0,,,4.0,5.0,15.0,5.0,
Cfr23_rRNA_methyltrans,14968.0,14272.0,13758.0,13451.0,13555.0,12484.0,14268.0,14207.0,13419.0,13204.0,9632.0,13383.0,12166.0,13121.0,12639.0,12748.0,15014.0,12962.0,14312.0,12803.0,10294.0,10706.0,13481.0,11037.0,15731.0,14775.0,13732.0,11424.0,10356.0,15390.0,12785.0,13125.0,10160.0,13326.0,10897.0,13911.0,14236.0,13225.0,14210.0,13543.0,13726.0,12821.0,12094.0,10123.0,14784.0,13381.0,15446.0,13785.0,10911.0,10957.0,12350.0,14257.0,12920.0,12991.0
Chlor_Acetyltrans_CAT,6414.0,6306.0,5563.0,5810.0,5183.0,5791.0,5766.0,5601.0,5716.0,4706.0,3818.0,5341.0,4414.0,5302.0,4608.0,5803.0,6232.0,4838.0,5587.0,4701.0,4429.0,4748.0,5132.0,4287.0,6217.0,5479.0,5189.0,4921.0,3979.0,7032.0,5680.0,5121.0,3866.0,5139.0,4412.0,5961.0,5747.0,6158.0,5547.0,5613.0,5103.0,4975.0,4826.0,4019.0,5969.0,5102.0,6249.0,5528.0,4550.0,4330.0,5801.0,5795.0,5429.0,4659.0
Chlor_Efflux_Pump,53056.0,54514.0,52300.0,52758.0,51055.0,53304.0,56494.0,55398.0,57554.0,44169.0,39154.0,41808.0,45299.0,49351.0,48812.0,48403.0,55950.0,51693.0,53866.0,56149.0,40680.0,45300.0,46278.0,41808.0,52210.0,58801.0,55453.0,44719.0,41754.0,48310.0,53960.0,50739.0,40459.0,44123.0,47523.0,51619.0,49757.0,51596.0,59103.0,46080.0,49874.0,55792.0,49841.0,43216.0,59511.0,54288.0,53344.0,54577.0,45004.0,43073.0,54428.0,52962.0,46825.0,48360.0
Chlor_Phospho_CPT,2323.0,2011.0,1998.0,1973.0,2215.0,2351.0,2397.0,2037.0,1879.0,2174.0,1618.0,2110.0,1824.0,1887.0,1612.0,1835.0,2049.0,1997.0,2085.0,1744.0,1566.0,1727.0,1647.0,1895.0,1824.0,2431.0,1850.0,1726.0,1847.0,2105.0,2018.0,1899.0,2185.0,1891.0,2027.0,1899.0,2394.0,2055.0,2273.0,1705.0,1760.0,1920.0,2435.0,1745.0,2423.0,2289.0,1949.0,2140.0,1596.0,1730.0,2162.0,2081.0,1877.0,1605.0
ClassA,7433.0,7018.0,6301.0,6619.0,6862.0,7403.0,8071.0,7681.0,7709.0,6889.0,5129.0,6422.0,6100.0,6934.0,6381.0,6561.0,7360.0,6843.0,6732.0,7256.0,5600.0,5948.0,6618.0,5700.0,6767.0,7885.0,7551.0,6436.0,5749.0,7158.0,7274.0,6587.0,5350.0,7014.0,5797.0,6740.0,6924.0,7463.0,7944.0,6515.0,6785.0,6896.0,6615.0,5304.0,7245.0,7536.0,7066.0,7437.0,5759.0,6003.0,7269.0,7647.0,6822.0,6657.0
ClassB,53143.0,50395.0,49488.0,47295.0,49337.0,45789.0,51831.0,52191.0,52252.0,51895.0,36065.0,52378.0,43765.0,49205.0,45598.0,45316.0,54030.0,49995.0,50990.0,47178.0,37859.0,41297.0,45793.0,39615.0,51692.0,57393.0,51377.0,43688.0,36857.0,52568.0,48558.0,49561.0,38872.0,51932.0,42204.0,51092.0,48808.0,50763.0,54465.0,49603.0,49970.0,46755.0,44967.0,35444.0,56349.0,51125.0,54997.0,52636.0,37221.0,41248.0,46715.0,50214.0,47629.0,45901.0
ClassC-AmpC,36218.0,37317.0,33169.0,32852.0,34878.0,35304.0,38840.0,38822.0,39643.0,34370.0,27268.0,35231.0,30730.0,34979.0,32824.0,32903.0,38963.0,34327.0,36313.0,36203.0,27409.0,29467.0,33111.0,28762.0,38545.0,39838.0,36731.0,32084.0,27929.0,36253.0,35362.0,34933.0,26670.0,35711.0,29184.0,36817.0,34617.0,36078.0,37913.0,33323.0,32192.0,34963.0,32967.0,27492.0,38662.0,35308.0,36085.0,36455.0,31860.0,30067.0,33259.0,36590.0,33527.0,33936.0
ClassD,4063.0,4898.0,4189.0,3729.0,3883.0,3653.0,4175.0,4199.0,3677.0,5082.0,3004.0,4359.0,3157.0,3728.0,3471.0,3323.0,4845.0,4251.0,3457.0,3833.0,2883.0,2948.0,3376.0,2622.0,4164.0,4185.0,3719.0,3067.0,2948.0,4851.0,4199.0,3490.0,3109.0,5312.0,3198.0,4264.0,4466.0,3708.0,4014.0,4286.0,4200.0,3894.0,3481.0,2386.0,4023.0,4416.0,4089.0,4552.0,3176.0,3119.0,4343.0,4257.0,3908.0,3548.0
DHA,536.0,381.0,309.0,303.0,383.0,282.0,412.0,362.0,351.0,565.0,220.0,502.0,295.0,334.0,432.0,375.0,420.0,433.0,370.0,302.0,310.0,436.0,397.0,362.0,456.0,518.0,278.0,328.0,164.0,378.0,303.0,450.0,413.0,776.0,215.0,491.0,440.0,403.0,391.0,426.0,413.0,382.0,277.0,191.0,587.0,490.0,461.0,421.0,497.0,285.0,316.0,376.0,322.0,403.0
DIM-GIM-SIM,25.0,,35.0,36.0,29.0,,60.0,,10.0,,26.0,3.0,20.0,21.0,9.0,6.0,32.0,12.0,8.0,9.0,18.0,,42.0,27.0,4.0,6.0,7.0,9.0,9.0,21.0,15.0,7.0,,18.0,20.0,11.0,,27.0,16.0,5.0,,15.0,22.0,,3.0,,14.0,,5.0,16.0,24.0,,27.0,22.0
Erm23S_rRNA_methyltrans,22915.0,21746.0,20824.0,19881.0,20421.0,19194.0,21673.0,21515.0,21436.0,22076.0,15942.0,20848.0,18013.0,19808.0,18055.0,18987.0,22060.0,20049.0,21329.0,20907.0,16075.0,18127.0,19133.0,17196.0,22438.0,23887.0,20283.0,18881.0,16489.0,22771.0,19957.0,19229.0,17387.0,22393.0,17344.0,20538.0,20394.0,21312.0,22290.0,20359.0,20703.0,21431.0,19062.0,16068.0,23436.0,22356.0,21518.0,22894.0,17271.0,17286.0,20619.0,21671.0,19539.0,18992.0
Erm38,,,,18.0,,20.0,4.0,,,40.0,,26.0,,20.0,30.0,27.0,,7.0,8.0,,,,,6.0,,9.0,4.0,,19.0,7.0,5.0,,,34.0,14.0,,,84.0,39.0,7.0,,18.0,4.0,,,14.0,19.0,11.0,8.0,,,15.0,,
ErmA,,9.0,,,,10.0,4.0,,,14.0,31.0,26.0,,14.0,22.0,,11.0,8.0,7.0,,20.0,,29.0,12.0,21.0,,,,14.0,,,15.0,,10.0,,,4.0,16.0,,,,,,,,,13.0,10.0,,,13.0,16.0,,19.0
ErmB,148.0,233.0,165.0,123.0,178.0,240.0,191.0,285.0,236.0,155.0,198.0,109.0,284.0,169.0,273.0,293.0,220.0,237.0,256.0,258.0,192.0,214.0,165.0,182.0,245.0,201.0,294.0,177.0,251.0,88.0,245.0,218.0,196.0,172.0,197.0,240.0,196.0,217.0,214.0,229.0,234.0,245.0,263.0,198.0,162.0,230.0,152.0,265.0,287.0,185.0,197.0,203.0,224.0,234.0
ErmC,,,,,,,,,,,,,,7.0,,,,,,,,,,,,,,,,,,,,,,,,,,,,,,,,,,,,5.0,,,,
Exo,11.0,12.0,,46.0,5.0,33.0,47.0,9.0,54.0,11.0,18.0,3.0,7.0,21.0,8.0,32.0,16.0,13.0,29.0,38.0,20.0,53.0,17.0,8.0,12.0,12.0,21.0,37.0,15.0,17.0,12.0,31.0,5.0,30.0,23.0,19.0,13.0,3.0,35.0,16.0,17.0,38.0,27.0,74.0,8.0,,25.0,,14.0,9.0,74.0,18.0,9.0,30.0
Fluor_Res_DNA_Topo,49621.0,47085.0,47060.0,46116.0,46382.0,45685.0,48843.0,48421.0,48248.0,45112.0,36033.0,46063.0,42836.0,45710.0,43207.0,44467.0,50171.0,45558.0,48122.0,45992.0,38545.0,39562.0,45890.0,38360.0,48973.0,50719.0,46880.0,39428.0,37540.0,47779.0,43615.0,45732.0,37110.0,46961.0,41288.0,46783.0,47517.0,49386.0,50012.0,44999.0,45356.0,46685.0,42816.0,34338.0,52178.0,47202.0,53113.0,48124.0,37535.0,37413.0,46001.0,47493.0,43932.0,46833.0
GES,,,,,,,,,,11.0,,,,,14.0,,,7.0,,,,,,,,,,,9.0,,,9.0,,,,,,,8.0,,,,,,,,,,,,8.0,,,
GOB,267.0,267.0,271.0,225.0,275.0,191.0,239.0,229.0,265.0,288.0,247.0,420.0,311.0,288.0,277.0,340.0,343.0,231.0,299.0,270.0,270.0,227.0,206.0,216.0,347.0,191.0,226.0,170.0,221.0,372.0,278.0,219.0,200.0,418.0,244.0,257.0,231.0,221.0,270.0,347.0,244.0,219.0,237.0,227.0,272.0,271.0,300.0,239.0,205.0,254.0,177.0,247.0,208.0,200.0
IMP,,,9.0,,,,22.0,,,,,,,4.0,,,,,,,,15.0,,,,,,,,,,,,,,,,,,,,,7.0,6.0,,,7.0,,,,,,,
IND,,32.0,,17.0,,,26.0,10.0,,,5.0,,,,9.0,,60.0,,,67.0,,37.0,,49.0,,32.0,19.0,9.0,,,,,38.0,,,,,,66.0,15.0,29.0,19.0,40.0,,,,,48.0,6.0,31.0,41.0,,,
KHM,32.0,,,17.0,14.0,7.0,,,,36.0,8.0,,,13.0,,,,10.0,,,,,28.0,6.0,8.0,9.0,8.0,2.0,,28.0,11.0,,,,6.0,,11.0,11.0,,,,,20.0,,5.0,,8.0,,21.0,,11.0,,,6.0
KPC,,,,,,10.0,,,9.0,,13.0,,3.0,,,,,,,,,,,4.0,,,7.0,,,8.0,4.0,12.0,,7.0,,4.0,8.0,5.0,,,,18.0,6.0,,,,,11.0,,,,,5.0,19.0
L1,445.0,515.0,536.0,435.0,506.0,495.0,418.0,528.0,449.0,482.0,332.0,301.0,385.0,470.0,707.0,592.0,499.0,421.0,483.0,546.0,483.0,474.0,328.0,217.0,384.0,545.0,408.0,475.0,216.0,479.0,442.0,496.0,285.0,510.0,348.0,455.0,655.0,385.0,475.0,559.0,533.0,256.0,445.0,279.0,515.0,626.0,454.0,445.0,300.0,382.0,422.0,384.0,414.0,422.0
LRA,80.0,29.0,24.0,15.0,24.0,3.0,105.0,45.0,8.0,39.0,7.0,34.0,14.0,36.0,45.0,22.0,45.0,4.0,16.0,26.0,,16.0,17.0,7.0,52.0,69.0,3.0,13.0,24.0,84.0,35.0,,25.0,41.0,14.0,11.0,10.0,35.0,15.0,17.0,17.0,7.0,5.0,43.0,21.0,12.0,22.0,75.0,,10.0,,27.0,,69.0
MFS_efflux,105402.0,108004.0,107230.0,101683.0,101904.0,116812.0,115635.0,113430.0,116744.0,100739.0,84031.0,99079.0,92658.0,104241.0,96623.0,96028.0,115384.0,107859.0,111463.0,118165.0,79588.0,92750.0,92451.0,83657.0,102534.0,118880.0,112202.0,99808.0,90421.0,90258.0,108058.0,104967.0,86777.0,100036.0,97303.0,104446.0,101326.0,104892.0,126622.0,90708.0,101604.0,115968.0,106195.0,86129.0,119833.0,116461.0,107642.0,115813.0,94447.0,87679.0,111128.0,106767.0,97871.0,95162.0
MexA,3991.0,3824.0,4009.0,3571.0,3865.0,3445.0,3842.0,3748.0,3747.0,4094.0,2754.0,3614.0,3125.0,3473.0,3346.0,3681.0,3354.0,3159.0,3685.0,3606.0,2600.0,3103.0,3250.0,2793.0,3891.0,4344.0,4008.0,3055.0,3050.0,3719.0,3458.0,3068.0,2776.0,4017.0,2868.0,4015.0,3890.0,4025.0,4013.0,3518.0,3861.0,3777.0,3030.0,2733.0,4056.0,3676.0,4097.0,3817.0,2960.0,2678.0,3145.0,3739.0,3524.0,3228.0
MexC,1413.0,1774.0,1600.0,1596.0,1174.0,1453.0,2074.0,1510.0,1574.0,1702.0,1106.0,1223.0,1226.0,1455.0,1813.0,1805.0,1528.0,1479.0,2021.0,1384.0,1173.0,1308.0,1588.0,1363.0,1892.0,1935.0,1646.0,1374.0,1289.0,1307.0,1619.0,1620.0,1233.0,1613.0,1065.0,1606.0,1501.0,1638.0,1562.0,1431.0,1638.0,1844.0,1425.0,1087.0,1613.0,1752.0,2172.0,1608.0,1255.0,1314.0,1537.0,1843.0,1671.0,1632.0
MexE,13188.0,13798.0,13077.0,12515.0,13052.0,11981.0,13693.0,13581.0,13076.0,10767.0,9296.0,10117.0,11491.0,13095.0,12232.0,11435.0,13467.0,12237.0,12876.0,12595.0,9856.0,11563.0,11761.0,10504.0,13862.0,14138.0,13016.0,11049.0,9953.0,10873.0,13156.0,12672.0,9985.0,11670.0,10627.0,12477.0,11992.0,11692.0,14412.0,11503.0,11555.0,12907.0,10889.0,10734.0,14137.0,12882.0,13560.0,13233.0,11635.0,11562.0,12182.0,13564.0,11470.0,12105.0
MexH,19816.0,18302.0,17095.0,17315.0,17524.0,13774.0,16691.0,16971.0,15371.0,19401.0,11234.0,17902.0,16263.0,16765.0,17432.0,16010.0,19397.0,14710.0,18987.0,13881.0,12750.0,12229.0,16989.0,13865.0,21327.0,17920.0,17465.0,12335.0,11582.0,20035.0,16423.0,16474.0,12419.0,20114.0,12674.0,18622.0,18027.0,17518.0,16375.0,19960.0,18058.0,15420.0,14461.0,12068.0,21239.0,16704.0,20210.0,17491.0,13681.0,13901.0,13675.0,17476.0,16013.0,16524.0
MexW-MexI,12648.0,11728.0,11831.0,11497.0,10894.0,9051.0,10474.0,10361.0,10369.0,11852.0,7931.0,10247.0,10517.0,10811.0,10673.0,11916.0,12121.0,9604.0,12025.0,9744.0,8251.0,8887.0,11136.0,8859.0,12594.0,11061.0,11582.0,8520.0,8888.0,11949.0,10672.0,11060.0,8831.0,11121.0,9231.0,11753.0,12395.0,11094.0,11263.0,11701.0,12312.0,11862.0,9249.0,7045.0,14024.0,11154.0,13427.0,12277.0,8888.0,8537.0,8601.0,11367.0,10899.0,10759.0
MexX,1852.0,2783.0,1801.0,1809.0,1789.0,1634.0,1990.0,2108.0,1922.0,1705.0,1571.0,2124.0,1633.0,2121.0,1977.0,1677.0,2079.0,2185.0,2453.0,1895.0,1573.0,1658.0,2146.0,1911.0,2089.0,2597.0,2054.0,1812.0,2081.0,1182.0,1993.0,2113.0,1582.0,1750.0,1494.0,1879.0,1911.0,1999.0,2004.0,2148.0,1781.0,2476.0,1755.0,1845.0,2285.0,1918.0,2622.0,2477.0,2198.0,2087.0,1680.0,1963.0,1776.0,2001.0
MoxA,20.0,,,,,29.0,,,13.0,25.0,,,9.0,,,,,,4.0,,4.0,,,,15.0,,4.0,,,,6.0,,,,,10.0,,10.0,4.0,4.0,,29.0,8.0,,,,,42.0,,,,,,9.0
NDM-CcrA,48.0,19.0,22.0,36.0,75.0,107.0,98.0,70.0,44.0,86.0,18.0,43.0,18.0,16.0,23.0,24.0,84.0,42.0,56.0,43.0,22.0,9.0,37.0,20.0,38.0,104.0,38.0,20.0,48.0,26.0,151.0,5.0,19.0,211.0,47.0,35.0,28.0,171.0,51.0,89.0,18.0,64.0,20.0,29.0,26.0,21.0,37.0,62.0,28.0,34.0,46.0,57.0,42.0,14.0
PC1,,,,,,,,,,,,,,,,,,,,,,,,,,,,,,,,,,,,,,,,,,,,,,,,,6.0,,,,,5.0
Qnr,6908.0,6716.0,6309.0,6286.0,5870.0,6032.0,6928.0,6946.0,7755.0,7039.0,5086.0,6873.0,6106.0,6236.0,5554.0,6128.0,7546.0,6763.0,7198.0,6697.0,5142.0,5444.0,5690.0,5309.0,7450.0,7039.0,7132.0,5843.0,5778.0,9500.0,6473.0,6050.0,5357.0,7519.0,5697.0,6826.0,7011.0,7573.0,7530.0,5684.0,6044.0,6938.0,5854.0,5324.0,6719.0,7168.0,6908.0,7836.0,5767.0,5410.0,7436.0,6723.0,6130.0,6659.0
RND_efflux,242085.0,239985.0,227463.0,224088.0,229368.0,198449.0,233121.0,232643.0,223684.0,242335.0,163297.0,221383.0,214089.0,226201.0,226603.0,214637.0,245637.0,206363.0,245542.0,204377.0,174115.0,182684.0,220851.0,187857.0,263032.0,251222.0,232791.0,186949.0,170243.0,239922.0,223793.0,220773.0,172176.0,243930.0,182736.0,237267.0,229221.0,225044.0,230509.0,236773.0,229312.0,215575.0,197404.0,168589.0,257468.0,219668.0,255066.0,232630.0,187432.0,185465.0,193172.0,239641.0,212969.0,220519.0
SHV-LEN,24.0,,,36.0,,,6.0,,,,,,,16.0,,21.0,,,,,,,,,5.0,,,,,,,,,,,,,,,,,14.0,,,,,,,,,,,,
SME,,,5.0,,,,16.0,,,,,,,,,,3.0,,,,,,4.0,6.0,,8.0,,,,,34.0,,,15.0,,,,4.0,,4.0,,,,,,,,,,,,4.0,,
SPM,30.0,30.0,59.0,,15.0,6.0,68.0,12.0,6.0,8.0,12.0,4.0,7.0,18.0,,10.0,6.0,21.0,13.0,,8.0,22.0,16.0,15.0,5.0,19.0,6.0,39.0,,25.0,,19.0,6.0,22.0,4.0,39.0,19.0,29.0,46.0,16.0,27.0,4.0,75.0,,8.0,19.0,7.0,66.0,,15.0,17.0,15.0,15.0,11.0
Sfh,,,,,10.0,11.0,,,,,,,,,,,,,,4.0,,,,,,,,,,,,,,,,,,,,,,,,,,,,,,,,,,
SubclassB1,669.0,489.0,478.0,547.0,553.0,640.0,555.0,633.0,567.0,398.0,342.0,426.0,367.0,589.0,576.0,501.0,451.0,643.0,678.0,530.0,435.0,641.0,425.0,481.0,431.0,668.0,313.0,391.0,409.0,619.0,469.0,500.0,582.0,610.0,516.0,514.0,422.0,537.0,618.0,481.0,507.0,442.0,313.0,428.0,511.0,345.0,349.0,350.0,269.0,481.0,572.0,578.0,532.0,447.0
SubclassB2,173.0,308.0,208.0,175.0,329.0,163.0,368.0,333.0,296.0,228.0,254.0,296.0,365.0,336.0,340.0,243.0,327.0,192.0,287.0,346.0,307.0,218.0,281.0,247.0,418.0,400.0,206.0,165.0,194.0,286.0,369.0,299.0,325.0,105.0,230.0,364.0,286.0,343.0,376.0,360.0,259.0,380.0,236.0,222.0,349.0,219.0,322.0,294.0,307.0,216.0,146.0,333.0,315.0,277.0
SubclassB3,14743.0,15917.0,13543.0,15107.0,14298.0,14542.0,15355.0,15603.0,15796.0,14540.0,10758.0,13572.0,12533.0,13985.0,13549.0,13182.0,15783.0,13338.0,15008.0,13716.0,11172.0,12309.0,13181.0,12343.0,15413.0,16042.0,15593.0,12574.0,11746.0,14413.0,15191.0,13864.0,10798.0,14532.0,12227.0,15205.0,15351.0,14295.0,15262.0,14717.0,14006.0,14655.0,13842.0,11780.0,16571.0,14989.0,15554.0,15636.0,12548.0,12024.0,15379.0,14948.0,13802.0,14111.0
TEM,74.0,68.0,58.0,111.0,126.0,31.0,51.0,33.0,76.0,120.0,143.0,79.0,23.0,70.0,61.0,71.0,35.0,87.0,64.0,12.0,134.0,102.0,83.0,41.0,38.0,93.0,65.0,67.0,23.0,90.0,25.0,48.0,108.0,34.0,141.0,73.0,49.0,46.0,83.0,79.0,46.0,81.0,91.0,56.0,10.0,80.0,76.0,81.0,59.0,26.0,119.0,95.0,77.0,77.0
TE_Inactivator,22520.0,22416.0,21864.0,22519.0,21985.0,21642.0,23875.0,23659.0,23111.0,22801.0,15768.0,21438.0,18832.0,21145.0,20147.0,19306.0,22633.0,20483.0,23077.0,21503.0,15641.0,19702.0,19367.0,18135.0,20725.0,24892.0,22539.0,19883.0,16995.0,20321.0,23481.0,22822.0,17294.0,23296.0,19677.0,20485.0,20317.0,20812.0,23820.0,20001.0,23259.0,21921.0,21052.0,17023.0,28167.0,24136.0,21892.0,24822.0,16892.0,18764.0,20076.0,22947.0,19685.0,20822.0
TetA,13452.0,12192.0,10783.0,11316.0,10964.0,10598.0,11893.0,11458.0,11931.0,9484.0,8566.0,10496.0,9482.0,10921.0,10785.0,11479.0,11838.0,11588.0,11994.0,10860.0,8509.0,9781.0,10126.0,9568.0,11890.0,12514.0,11195.0,10076.0,8306.0,13185.0,11732.0,10341.0,7995.0,10163.0,9305.0,12559.0,12058.0,11725.0,12655.0,10150.0,11467.0,10946.0,9631.0,9024.0,12510.0,11900.0,12196.0,11163.0,9848.0,9028.0,11611.0,11660.0,10825.0,11145.0
TetA-B,104.0,83.0,102.0,90.0,222.0,104.0,102.0,125.0,7.0,118.0,63.0,183.0,335.0,187.0,143.0,297.0,134.0,89.0,107.0,318.0,311.0,69.0,220.0,91.0,246.0,261.0,368.0,157.0,149.0,52.0,160.0,26.0,227.0,239.0,213.0,169.0,120.0,127.0,142.0,187.0,221.0,335.0,122.0,82.0,200.0,287.0,205.0,18.0,47.0,67.0,44.0,93.0,54.0,94.0
TetA-G,16.0,6.0,53.0,15.0,49.0,27.0,67.0,15.0,39.0,26.0,35.0,63.0,21.0,9.0,25.0,66.0,50.0,13.0,97.0,33.0,,17.0,6.0,54.0,13.0,48.0,35.0,39.0,16.0,32.0,14.0,9.0,45.0,50.0,49.0,12.0,149.0,24.0,25.0,22.0,10.0,85.0,32.0,,35.0,45.0,2.0,74.0,,38.0,26.0,38.0,10.0,27.0
TetD,37.0,50.0,36.0,35.0,36.0,70.0,28.0,34.0,40.0,71.0,2.0,,52.0,34.0,14.0,22.0,,19.0,56.0,20.0,10.0,30.0,17.0,8.0,23.0,61.0,14.0,12.0,11.0,48.0,57.0,10.0,,17.0,29.0,,38.0,5.0,27.0,19.0,57.0,12.0,11.0,,30.0,22.0,19.0,10.0,29.0,9.0,1.0,,17.0,18.0
TetE,68.0,243.0,47.0,53.0,73.0,111.0,139.0,155.0,132.0,273.0,35.0,164.0,104.0,78.0,77.0,73.0,110.0,102.0,82.0,50.0,15.0,95.0,165.0,65.0,31.0,56.0,52.0,113.0,142.0,162.0,151.0,61.0,48.0,121.0,58.0,84.0,141.0,80.0,144.0,128.0,116.0,170.0,167.0,19.0,60.0,107.0,77.0,132.0,42.0,54.0,134.0,157.0,102.0,93.0
TetH-TetJ,891.0,915.0,866.0,808.0,639.0,547.0,578.0,376.0,657.0,478.0,661.0,557.0,718.0,576.0,519.0,751.0,698.0,499.0,765.0,444.0,427.0,469.0,761.0,466.0,716.0,691.0,800.0,640.0,536.0,547.0,609.0,451.0,582.0,446.0,477.0,576.0,786.0,809.0,430.0,297.0,1491.0,301.0,313.0,223.0,969.0,729.0,627.0,792.0,664.0,533.0,500.0,631.0,690.0,492.0
TetM-TetW-TetO-TetS,6302.0,5469.0,5232.0,5291.0,5058.0,5106.0,5475.0,5637.0,5817.0,5923.0,3948.0,5341.0,4204.0,5075.0,5341.0,5389.0,5778.0,5672.0,5841.0,5363.0,4307.0,4354.0,4862.0,4435.0,5459.0,5846.0,6384.0,5049.0,4287.0,5675.0,4972.0,5665.0,4182.0,5550.0,4860.0,5888.0,6081.0,6236.0,5861.0,5284.0,5131.0,5521.0,4716.0,3340.0,6360.0,5709.0,5886.0,5683.0,4635.0,4321.0,5298.0,5659.0,4915.0,5246.0
TetX,14647.0,16767.0,15893.0,14298.0,14953.0,14778.0,16972.0,14801.0,14860.0,14963.0,12492.0,13058.0,12911.0,15308.0,13540.0,14283.0,16520.0,16452.0,16530.0,16310.0,11437.0,13705.0,13133.0,12218.0,13282.0,16082.0,18062.0,13914.0,13458.0,14448.0,15382.0,15465.0,12449.0,14948.0,13821.0,13921.0,14174.0,13967.0,17606.0,12446.0,15239.0,18543.0,14432.0,11827.0,15910.0,17434.0,14106.0,17857.0,13600.0,12958.0,13483.0,15205.0,13483.0,14457.0
TetY,83.0,68.0,70.0,96.0,99.0,66.0,154.0,97.0,110.0,213.0,30.0,55.0,72.0,8.0,100.0,154.0,70.0,66.0,145.0,41.0,105.0,67.0,,55.0,120.0,112.0,90.0,63.0,48.0,256.0,69.0,40.0,78.0,192.0,5.0,82.0,66.0,40.0,70.0,73.0,50.0,87.0,117.0,115.0,92.0,137.0,34.0,108.0,41.0,207.0,128.0,40.0,65.0,75.0
VEB-PER,176.0,252.0,263.0,231.0,204.0,166.0,227.0,182.0,385.0,219.0,356.0,200.0,201.0,255.0,213.0,237.0,340.0,292.0,214.0,205.0,209.0,214.0,212.0,239.0,150.0,129.0,237.0,196.0,160.0,162.0,177.0,251.0,182.0,224.0,206.0,204.0,242.0,213.0,193.0,198.0,153.0,145.0,197.0,200.0,277.0,115.0,257.0,199.0,193.0,202.0,237.0,233.0,251.0,219.0
VIM,,,,,,,,,,,,,,,,,,,,,,,,,,,7.0,,,,,,,,,,,,,,,,,,,,,,,,,,9.0,
adeA-adeI,36089.0,36850.0,35093.0,34080.0,34096.0,30339.0,35258.0,36109.0,35627.0,34252.0,23763.0,28814.0,30301.0,33659.0,33839.0,30282.0,37466.0,31417.0,37537.0,32437.0,26239.0,28996.0,29875.0,27038.0,37752.0,38266.0,36006.0,29388.0,26469.0,31128.0,33666.0,33041.0,25784.0,32944.0,27870.0,35429.0,32707.0,31603.0,36025.0,32079.0,33610.0,33602.0,30473.0,27302.0,40131.0,33418.0,36738.0,35897.0,29758.0,28555.0,28300.0,35704.0,30403.0,31835.0
adeB,27689.0,28428.0,29316.0,27488.0,27803.0,26548.0,28965.0,29206.0,29775.0,27371.0,20970.0,24512.0,25494.0,27780.0,27317.0,28284.0,28508.0,27026.0,29680.0,27189.0,22317.0,24972.0,25280.0,22404.0,30328.0,32374.0,29427.0,24960.0,21826.0,25129.0,27199.0,27590.0,22628.0,26651.0,23690.0,27873.0,26651.0,27722.0,31243.0,27709.0,27049.0,28301.0,24776.0,22478.0,30670.0,27732.0,29644.0,29787.0,24490.0,23271.0,25038.0,29784.0,25883.0,27614.0
adeC-adeK-oprM,44797.0,53446.0,48014.0,44777.0,42924.0,43910.0,48281.0,46537.0,46940.0,38152.0,35823.0,31773.0,40468.0,43754.0,44854.0,40242.0,49889.0,46603.0,51793.0,49986.0,36709.0,43736.0,40469.0,37708.0,50170.0,50630.0,49706.0,41082.0,41186.0,36014.0,44108.0,44907.0,39606.0,38345.0,37690.0,47534.0,41422.0,39591.0,51195.0,41140.0,42558.0,53132.0,42380.0,41205.0,47648.0,47477.0,46728.0,53895.0,49064.0,38972.0,40129.0,47023.0,40053.0,44567.0
adeR,3485.0,2781.0,3483.0,3202.0,3034.0,3298.0,3551.0,3251.0,3631.0,3488.0,2464.0,3422.0,2582.0,3100.0,2684.0,3001.0,3485.0,3064.0,3813.0,3799.0,2419.0,2664.0,2932.0,2835.0,3651.0,3208.0,3174.0,2974.0,2445.0,3543.0,2761.0,3188.0,2598.0,3341.0,2722.0,3359.0,3676.0,3491.0,2953.0,3296.0,3213.0,2762.0,3555.0,2868.0,3049.0,3178.0,3598.0,3241.0,2548.0,2764.0,3554.0,2828.0,2959.0,2483.0
adeS,1852.0,2220.0,2263.0,1771.0,1757.0,2330.0,2501.0,1915.0,1845.0,1669.0,1176.0,1667.0,1576.0,2292.0,1760.0,1630.0,1784.0,1450.0,1825.0,1719.0,1557.0,1829.0,1698.0,1469.0,2524.0,2130.0,1993.0,1978.0,1374.0,1691.0,1817.0,1925.0,1448.0,1395.0,1273.0,2096.0,1864.0,1616.0,1701.0,2016.0,2119.0,2092.0,1997.0,1653.0,2176.0,2491.0,2084.0,1587.0,1740.0,1315.0,1957.0,1478.0,1581.0,1693.0
baeR,20044.0,19869.0,18029.0,17969.0,18476.0,16530.0,19786.0,20454.0,18783.0,17373.0,14128.0,17452.0,16092.0,17928.0,17136.0,16113.0,20828.0,17669.0,19444.0,18161.0,14006.0,15546.0,17112.0,15586.0,20960.0,19841.0,18703.0,15915.0,13859.0,20173.0,17174.0,17939.0,12979.0,16503.0,14705.0,19816.0,18645.0,17154.0,19734.0,17345.0,17753.0,17533.0,16213.0,15901.0,18522.0,17604.0,19735.0,17509.0,16184.0,15697.0,18116.0,20066.0,17872.0,17241.0
baeS,2561.0,3186.0,2659.0,2403.0,3126.0,2392.0,2630.0,2627.0,2565.0,2508.0,1901.0,1982.0,2461.0,1956.0,2445.0,3010.0,2923.0,2412.0,2686.0,2366.0,1629.0,2678.0,1931.0,2323.0,2561.0,3214.0,2663.0,2482.0,2257.0,2306.0,2623.0,2771.0,2313.0,2355.0,2110.0,2744.0,2480.0,2751.0,3087.0,2195.0,2375.0,2829.0,2545.0,2456.0,2739.0,2494.0,2842.0,3401.0,3214.0,2327.0,2270.0,2616.0,2509.0,2573.0
blaI,2202.0,2401.0,1898.0,1972.0,1761.0,1581.0,1916.0,1876.0,2001.0,1860.0,1540.0,1941.0,1891.0,1812.0,1813.0,1893.0,2092.0,1762.0,1953.0,1920.0,1557.0,1693.0,1893.0,1623.0,2248.0,1849.0,1889.0,1711.0,1583.0,2363.0,2002.0,1789.0,1525.0,2174.0,1669.0,2367.0,2114.0,2057.0,1871.0,1790.0,1855.0,1860.0,1604.0,1632.0,1941.0,1911.0,2072.0,2146.0,2102.0,1694.0,1834.0,2086.0,1892.0,1873.0
blaR1,212.0,622.0,391.0,237.0,393.0,347.0,679.0,490.0,534.0,521.0,439.0,356.0,388.0,507.0,442.0,442.0,333.0,341.0,407.0,542.0,491.0,407.0,431.0,307.0,251.0,411.0,385.0,458.0,368.0,454.0,622.0,309.0,386.0,543.0,516.0,452.0,347.0,250.0,479.0,425.0,332.0,441.0,465.0,260.0,446.0,330.0,151.0,465.0,687.0,479.0,331.0,348.0,400.0,324.0
emrB,144436.0,142813.0,150146.0,134223.0,135843.0,155081.0,158460.0,153915.0,160081.0,144060.0,115573.0,147280.0,124576.0,134647.0,120015.0,122425.0,148858.0,150334.0,147296.0,162440.0,105753.0,125841.0,119705.0,112753.0,131452.0,167750.0,148307.0,131552.0,122548.0,128061.0,146005.0,144270.0,127524.0,149007.0,138894.0,135964.0,140223.0,144745.0,173070.0,116660.0,140722.0,158605.0,141203.0,114049.0,163446.0,173544.0,140121.0,167119.0,121727.0,116848.0,153116.0,144375.0,134512.0,126462.0
emrE,4103.0,4048.0,4272.0,3704.0,4153.0,4767.0,4499.0,4486.0,4541.0,4323.0,3218.0,3760.0,3569.0,4184.0,3639.0,4238.0,3892.0,4383.0,4284.0,4385.0,3323.0,3311.0,3707.0,3360.0,4198.0,4950.0,4212.0,3792.0,3395.0,3465.0,3987.0,3824.0,3392.0,4218.0,3865.0,4007.0,3986.0,4268.0,4924.0,4019.0,3843.0,4260.0,3915.0,2996.0,4872.0,4416.0,4269.0,4543.0,3657.0,3359.0,4222.0,4236.0,3909.0,3979.0
macA,46270.0,48098.0,41941.0,43539.0,40380.0,34758.0,44073.0,41770.0,43072.0,41789.0,29134.0,40561.0,38196.0,42440.0,40705.0,39020.0,49048.0,39682.0,45646.0,40380.0,34242.0,36274.0,40166.0,35245.0,49716.0,45982.0,41935.0,36217.0,31805.0,47599.0,41678.0,40304.0,30869.0,43771.0,31507.0,44969.0,44064.0,40495.0,43567.0,44967.0,41336.0,39214.0,36359.0,35014.0,45807.0,40140.0,45019.0,42069.0,33914.0,36960.0,39210.0,42124.0,40012.0,39498.0
macB,442207.0,438858.0,422767.0,407572.0,401093.0,386557.0,429410.0,410340.0,421681.0,399807.0,307575.0,401832.0,360692.0,393176.0,373627.0,377304.0,451744.0,387781.0,440413.0,397100.0,307630.0,340833.0,386343.0,335205.0,454199.0,440250.0,417667.0,350200.0,320900.0,440127.0,400280.0,391493.0,320607.0,410456.0,348028.0,421686.0,418260.0,413894.0,444112.0,399258.0,410344.0,407266.0,372763.0,301680.0,468737.0,438307.0,450983.0,426502.0,339447.0,339245.0,398023.0,411453.0,390918.0,376267.0
macrolide_glycosyl,4770.0,4832.0,4371.0,4112.0,4143.0,3757.0,4190.0,4052.0,4464.0,3971.0,3084.0,4158.0,3607.0,3860.0,3771.0,3185.0,4639.0,4110.0,3932.0,4522.0,3401.0,3482.0,3504.0,3824.0,4095.0,4916.0,4238.0,3773.0,3811.0,5424.0,4390.0,4120.0,3387.0,5213.0,2690.0,4116.0,4488.0,4378.0,4657.0,4246.0,3744.0,4124.0,4148.0,3755.0,4493.0,4487.0,3921.0,4613.0,3853.0,3434.0,4758.0,3439.0,3831.0,3218.0
marA,7353.0,8936.0,7992.0,6308.0,6768.0,8064.0,8108.0,7771.0,8019.0,5896.0,6447.0,5975.0,7600.0,7724.0,7680.0,6485.0,9094.0,8295.0,8769.0,9161.0,6339.0,6277.0,7159.0,6124.0,8773.0,7580.0,7368.0,6899.0,6468.0,6960.0,7555.0,6810.0,5815.0,6946.0,6706.0,8908.0,7964.0,6640.0,7900.0,7493.0,6787.0,8163.0,7107.0,6718.0,7035.0,8550.0,8131.0,8046.0,8339.0,6786.0,8411.0,7515.0,6623.0,6997.0
mecR1,6004.0,5854.0,4830.0,4872.0,4142.0,3713.0,5507.0,4153.0,5114.0,4304.0,3646.0,5328.0,3708.0,4237.0,4819.0,4107.0,6290.0,4335.0,5451.0,5249.0,3572.0,4409.0,4751.0,3371.0,6139.0,4890.0,4996.0,3741.0,4229.0,6536.0,5126.0,4283.0,3677.0,5376.0,4021.0,5715.0,4989.0,4277.0,4702.0,4530.0,4658.0,4840.0,4000.0,3886.0,5580.0,4707.0,4598.0,5261.0,4777.0,4389.0,4203.0,4593.0,4644.0,4282.0
mprF,8090.0,8310.0,8168.0,7350.0,7254.0,8455.0,9112.0,8222.0,7979.0,8198.0,7252.0,7616.0,6243.0,6927.0,6869.0,7576.0,7559.0,8021.0,7711.0,9568.0,5806.0,6980.0,6959.0,6643.0,7434.0,8705.0,8030.0,7845.0,6805.0,7082.0,7725.0,8253.0,7500.0,8337.0,8022.0,7297.0,7646.0,8107.0,9098.0,6561.0,7947.0,8572.0,7249.0,5732.0,9359.0,9996.0,7754.0,9973.0,7279.0,6732.0,7993.0,7583.0,7428.0,6553.0
msbA,509223.0,478294.0,488562.0,467624.0,475228.0,472596.0,513488.0,498284.0,511075.0,452684.0,362036.0,454289.0,415540.0,458717.0,424856.0,438003.0,507210.0,458667.0,490818.0,477177.0,355027.0,397287.0,437605.0,391375.0,484701.0,539662.0,485264.0,416429.0,372568.0,468481.0,466488.0,457540.0,382992.0,459951.0,418916.0,467555.0,484602.0,493862.0,531430.0,437271.0,468050.0,473139.0,446361.0,361680.0,553523.0,514076.0,511296.0,506063.0,371135.0,394189.0,476926.0,487029.0,450802.0,431098.0
norA,2152.0,1679.0,1816.0,1629.0,1522.0,1575.0,1684.0,1616.0,1682.0,2129.0,1248.0,1572.0,1579.0,1827.0,1515.0,1421.0,1993.0,1533.0,1570.0,1258.0,1184.0,1364.0,1865.0,1561.0,2280.0,1981.0,1611.0,1214.0,1395.0,2256.0,1716.0,1910.0,1356.0,2244.0,1506.0,1615.0,1704.0,2010.0,1706.0,2130.0,1801.0,1677.0,1600.0,1197.0,1889.0,1561.0,1870.0,1839.0,1152.0,1417.0,1743.0,1682.0,1589.0,1630.0
phoQ,12456.0,12719.0,11705.0,12068.0,12525.0,11520.0,12454.0,11729.0,12335.0,11093.0,8862.0,10385.0,9651.0,11220.0,10687.0,10946.0,12457.0,11730.0,12859.0,11926.0,8358.0,10459.0,11478.0,10231.0,12660.0,13591.0,11531.0,10880.0,9562.0,12679.0,11170.0,11266.0,10003.0,11404.0,9151.0,11423.0,11683.0,12832.0,13905.0,10570.0,11807.0,11445.0,11799.0,9110.0,14465.0,13254.0,12272.0,12302.0,9485.0,10590.0,11683.0,11961.0,10813.0,10779.0
ramA,25063.0,27919.0,23607.0,22467.0,22105.0,24477.0,24023.0,24159.0,24931.0,18561.0,18662.0,17575.0,20570.0,22742.0,23225.0,21204.0,27376.0,22973.0,25834.0,24550.0,19060.0,20424.0,20629.0,18641.0,25424.0,23524.0,23760.0,21819.0,20054.0,21258.0,23975.0,23750.0,17850.0,20840.0,20636.0,24580.0,24815.0,21142.0,25473.0,20912.0,21963.0,24890.0,22102.0,20992.0,24932.0,23570.0,24823.0,25831.0,24735.0,19505.0,23698.0,23600.0,20926.0,22386.0
robA,18254.0,20337.0,17585.0,17085.0,15997.0,16540.0,17508.0,16926.0,18284.0,13335.0,13743.0,13509.0,14307.0,16056.0,16405.0,15164.0,18830.0,16794.0,18108.0,17745.0,12984.0,14437.0,14942.0,13787.0,19480.0,18630.0,17875.0,15974.0,14671.0,16636.0,17454.0,17386.0,13509.0,15654.0,15433.0,18852.0,17840.0,16491.0,19798.0,16979.0,16568.0,18799.0,15801.0,14044.0,20175.0,17431.0,19137.0,18480.0,15672.0,14784.0,18626.0,17664.0,15575.0,16212.0
romA,8067.0,7883.0,7505.0,7748.0,7148.0,6498.0,7633.0,7604.0,7074.0,7466.0,5904.0,7092.0,6237.0,6804.0,6531.0,6219.0,8500.0,6892.0,7527.0,6970.0,5303.0,5581.0,6680.0,5807.0,7680.0,8113.0,6705.0,6063.0,5665.0,7173.0,7373.0,7132.0,5777.0,7515.0,6042.0,7136.0,7838.0,7066.0,7763.0,7085.0,7312.0,7650.0,6528.0,5391.0,8017.0,8434.0,7494.0,8429.0,6204.0,6094.0,6535.0,7511.0,6928.0,6134.0
soxR,17206.0,17159.0,16893.0,15235.0,16787.0,19626.0,19772.0,21102.0,20518.0,18639.0,16224.0,16453.0,16820.0,18224.0,16056.0,15562.0,19287.0,21499.0,18024.0,20127.0,14723.0,15702.0,15430.0,15089.0,15883.0,21436.0,18098.0,16949.0,16196.0,15203.0,17094.0,17851.0,16064.0,16574.0,17247.0,16661.0,17165.0,18265.0,21300.0,14819.0,15201.0,19226.0,18684.0,14963.0,18423.0,19824.0,17372.0,21042.0,17151.0,15324.0,19786.0,17678.0,15979.0,19012.0
tet_MFS_efflux,40687.0,37928.0,41408.0,36327.0,36876.0,42508.0,42677.0,40005.0,42683.0,38882.0,28508.0,37751.0,35285.0,37662.0,34540.0,34966.0,40167.0,37072.0,41887.0,40652.0,30139.0,32712.0,32773.0,30587.0,38692.0,43786.0,38211.0,35030.0,30996.0,34559.0,38245.0,38505.0,32207.0,38757.0,35174.0,37653.0,36718.0,39782.0,43900.0,36611.0,36109.0,39769.0,37811.0,30305.0,43879.0,41924.0,38996.0,42905.0,32471.0,32794.0,42151.0,40741.0,36100.0,35109.0
tet_ribosomoal_protect,100967.0,96958.0,99793.0,94384.0,98482.0,95993.0,101278.0,103553.0,99692.0,101808.0,76332.0,104104.0,89125.0,97230.0,92025.0,95815.0,103035.0,97212.0,102973.0,96328.0,78842.0,83973.0,93163.0,79640.0,103288.0,107453.0,99801.0,86725.0,79546.0,104022.0,96015.0,94793.0,78119.0,105139.0,87105.0,97137.0,100792.0,102952.0,103348.0,98148.0,97595.0,97990.0,90077.0,74525.0,108245.0,102397.0,105481.0,104450.0,82718.0,81233.0,94035.0,103001.0,94364.0,95603.0
tolC,25375.0,25370.0,21862.0,22190.0,22265.0,17912.0,23298.0,23499.0,22278.0,25241.0,15009.0,22373.0,21092.0,23114.0,22272.0,20503.0,26445.0,20098.0,24500.0,19193.0,17414.0,17423.0,22677.0,19128.0,29462.0,23486.0,22366.0,18617.0,16313.0,27935.0,22161.0,20843.0,14833.0,24939.0,16526.0,24033.0,23404.0,21285.0,21483.0,27016.0,23268.0,19499.0,19648.0,17162.0,24139.0,19831.0,26806.0,21473.0,18132.0,18926.0,19777.0,23266.0,21554.0,22072.0
vanA,4117.0,3839.0,3706.0,3549.0,3990.0,3741.0,4390.0,4285.0,4532.0,4947.0,3132.0,4886.0,3703.0,3988.0,3563.0,3207.0,4584.0,4176.0,3431.0,3902.0,3064.0,3778.0,3654.0,3655.0,4403.0,4409.0,4171.0,3447.0,3747.0,3695.0,3516.0,3535.0,3802.0,4747.0,3390.0,3926.0,3822.0,4739.0,4328.0,3754.0,4024.0,4195.0,3843.0,3224.0,4509.0,4521.0,3909.0,4693.0,3702.0,3562.0,3909.0,4127.0,4099.0,3856.0
vanB,2799.0,2133.0,1768.0,2022.0,2021.0,1837.0,1870.0,2729.0,1964.0,2031.0,1535.0,1372.0,2072.0,2077.0,1804.0,1343.0,2083.0,2249.0,2250.0,2355.0,1404.0,1237.0,1776.0,1400.0,2216.0,1837.0,2051.0,1625.0,1462.0,1903.0,2043.0,1745.0,1613.0,1375.0,1634.0,2310.0,2233.0,1596.0,2071.0,2337.0,1771.0,1909.0,1746.0,1477.0,1998.0,1934.0,2172.0,1852.0,1851.0,1695.0,2117.0,2297.0,1674.0,2043.0
vanC,7824.0,8186.0,7662.0,6884.0,7262.0,7118.0,7138.0,7269.0,7068.0,8543.0,5717.0,7080.0,6202.0,6979.0,7061.0,6157.0,7440.0,6541.0,7862.0,6980.0,5714.0,6063.0,7003.0,5695.0,8021.0,9013.0,7838.0,5986.0,5076.0,7707.0,7884.0,7098.0,5638.0,7706.0,5848.0,7314.0,7243.0,8054.0,7706.0,7162.0,7360.0,7522.0,6504.0,5168.0,8510.0,7777.0,7942.0,7886.0,5764.0,5982.0,6547.0,7405.0,7260.0,7099.0
vanD,8691.0,6562.0,7111.0,6774.0,7570.0,6648.0,7858.0,7842.0,7054.0,7895.0,5453.0,8007.0,6435.0,7113.0,6436.0,7099.0,7891.0,7804.0,6867.0,7770.0,5166.0,5589.0,6734.0,5948.0,7818.0,8432.0,7989.0,6650.0,5588.0,7149.0,6697.0,6871.0,5355.0,8236.0,6366.0,6847.0,7878.0,7106.0,7520.0,7144.0,7672.0,6410.0,6569.0,5321.0,7800.0,6920.0,8157.0,7032.0,5304.0,5921.0,7022.0,8047.0,6719.0,6872.0
vanH,52589.0,51272.0,49870.0,48831.0,49559.0,45983.0,51961.0,49875.0,51189.0,47202.0,35081.0,47235.0,43129.0,47202.0,44952.0,44124.0,53669.0,45347.0,51027.0,46020.0,35048.0,40987.0,45498.0,39148.0,52283.0,55263.0,50865.0,41237.0,36826.0,49797.0,49339.0,48463.0,36635.0,48672.0,41496.0,48929.0,48810.0,48053.0,53288.0,45712.0,49243.0,47102.0,44646.0,35378.0,58322.0,51377.0,52201.0,50052.0,37254.0,40246.0,44667.0,49829.0,45807.0,43950.0
vanR,402712.0,394147.0,339691.0,350099.0,334528.0,313685.0,360382.0,370272.0,352384.0,348339.0,249029.0,340003.0,313950.0,345384.0,330029.0,310565.0,412337.0,336272.0,382387.0,335177.0,267423.0,279319.0,332635.0,282354.0,427375.0,383291.0,346001.0,300941.0,263842.0,421595.0,334116.0,332357.0,257310.0,361040.0,275884.0,374736.0,387268.0,338920.0,363244.0,370483.0,355847.0,326289.0,307511.0,275428.0,363248.0,350144.0,384523.0,359898.0,291869.0,289002.0,359623.0,359517.0,329004.0,322402.0
vanS,442395.0,436829.0,362100.0,380232.0,363385.0,328029.0,392755.0,400454.0,386401.0,395239.0,258245.0,375843.0,338942.0,364532.0,355058.0,333637.0,452847.0,356227.0,421974.0,345191.0,281442.0,293159.0,352829.0,308335.0,484716.0,411291.0,367490.0,316497.0,279801.0,479746.0,362489.0,353740.0,262107.0,399096.0,279179.0,406765.0,407576.0,359301.0,392955.0,409173.0,384027.0,336307.0,326865.0,305816.0,400778.0,366917.0,415139.0,382685.0,301382.0,309479.0,383709.0,375471.0,352320.0,345827.0
vanT,12036.0,11834.0,11054.0,10870.0,11393.0,10947.0,12250.0,11983.0,12406.0,10609.0,8721.0,9831.0,10012.0,11042.0,10795.0,10138.0,12476.0,11605.0,11710.0,12363.0,8755.0,9870.0,10537.0,9380.0,11719.0,12465.0,12288.0,10182.0,9373.0,11659.0,10954.0,11289.0,9328.0,10437.0,9648.0,10880.0,10814.0,11584.0,12630.0,10804.0,10770.0,11934.0,10521.0,8928.0,13160.0,11626.0,12069.0,12436.0,10148.0,9550.0,11849.0,11673.0,10513.0,10504.0
vanW,1753.0,1145.0,703.0,1165.0,704.0,827.0,830.0,808.0,1022.0,922.0,647.0,834.0,495.0,599.0,626.0,471.0,1638.0,718.0,849.0,853.0,390.0,517.0,878.0,700.0,1531.0,898.0,661.0,647.0,495.0,1754.0,622.0,626.0,480.0,697.0,631.0,1155.0,1825.0,770.0,835.0,1375.0,1067.0,552.0,595.0,514.0,854.0,768.0,997.0,697.0,370.0,610.0,1448.0,1003.0,932.0,585.0
vanX,3300.0,3738.0,3761.0,3060.0,3513.0,3471.0,4021.0,3992.0,3996.0,3905.0,2865.0,3583.0,3139.0,3417.0,3368.0,3378.0,3743.0,3625.0,3813.0,3853.0,2746.0,3168.0,3424.0,2891.0,3404.0,4064.0,3795.0,3183.0,3032.0,2789.0,3651.0,3928.0,2930.0,3660.0,3190.0,3422.0,3279.0,3508.0,3868.0,3186.0,3204.0,4077.0,3386.0,3093.0,3876.0,4033.0,3417.0,4067.0,3348.0,3060.0,2934.0,3752.0,3209.0,3326.0
vanY,1135.0,1047.0,787.0,1040.0,1102.0,1500.0,1275.0,1248.0,1355.0,1153.0,897.0,1191.0,821.0,941.0,841.0,1364.0,1136.0,1089.0,1375.0,1490.0,979.0,1051.0,1058.0,771.0,860.0,1130.0,949.0,1208.0,924.0,959.0,855.0,1002.0,828.0,1134.0,984.0,1004.0,891.0,1760.0,1409.0,871.0,839.0,1061.0,1052.0,926.0,841.0,1221.0,982.0,992.0,827.0,947.0,1648.0,1349.0,1096.0,1243.0
vanZ,457.0,420.0,464.0,352.0,447.0,502.0,530.0,542.0,364.0,884.0,389.0,627.0,478.0,402.0,451.0,274.0,527.0,572.0,397.0,630.0,235.0,222.0,363.0,323.0,446.0,558.0,409.0,426.0,362.0,416.0,372.0,377.0,307.0,678.0,549.0,409.0,584.0,490.0,342.0,490.0,478.0,461.0,374.0,324.0,505.0,567.0,424.0,501.0,353.0,321.0,517.0,522.0,475.0,279.0
