feature	metadata	value	coef	stderr	N	N.not.0	pval	qval
CBM11.hmm	group	T_GUS	1.05995843489098	0.195012453625636	21	0	3.03506217539313e-05	0.0108906230963624
CBM47.hmm	group	T_GUS	0.666942594999372	0.150084453756854	21	1	0.000278568564555727	0.0108906230963624
GH100.hmm	group	T_GUS	0.655791377833601	0.151442686767007	21	7	0.000360616658819948	0.0108906230963624
GH107.hmm	group	T_GUS	1.09453442932865	0.21639284829781	21	0	6.98392757525654e-05	0.0108906230963624
GH125.hmm	group	T_GUS	-0.259885934134518	0.0573088171453697	21	21	0.000226557829976071	0.0108906230963624
GH20.hmm	group	T_GUS	-0.152942481513934	0.032419269152923	21	21	0.000149838011407324	0.0108906230963624
GH24.hmm	group	T_GUS	-0.294689109589316	0.0659820937078426	21	21	0.000264739056599441	0.0108906230963624
GH47.hmm	group	T_GUS	-0.303504630859427	0.0665776597252413	21	7	0.000214649077321412	0.0108906230963624
GH5_36.hmm	group	T_GUS	0.446075832283296	0.101473947869401	21	0	0.000310556623105111	0.0108906230963624
PL1_4.hmm	group	T_GUS	1.8078775111681	0.413873951637734	21	0	0.000330817021677543	0.0108906230963624
PL1.hmm	group	T_GUS	0.7257099147882	0.14850020823753	21	16	0.000102389770165607	0.0108906230963624
PL10_2.hmm	group	T_GUS	1.35974078772831	0.273477804018877	21	0	8.46254728013574e-05	0.0108906230963624
PL11.hmm	group	T_GUS	0.320976647834439	0.0701341241854471	21	21	0.000206093058753064	0.0108906230963624
PL20.hmm	group	T_GUS	0.607476126866087	0.126452953876451	21	0	0.000123360024804863	0.0108906230963624
PL26.hmm	group	T_GUS	0.435435253863806	0.0999197392792314	21	21	0.000338689111443978	0.0108906230963624
AA3_1.hmm	group	T_GUS	-0.143770938346875	0.0337104670977377	21	21	0.0004185763098754	0.0110944279122674
CE15.hmm	group	T_GUS	0.37098839299521	0.0875814906630433	21	21	0.000447138560671027	0.0110944279122674
GH52.hmm	group	T_GUS	1.05863148497197	0.250953489228641	21	0	0.00046532920603329	0.0110944279122674
GH66.hmm	group	T_GUS	-0.194640667299007	0.0454689395039026	21	6	0.000403712483313943	0.0110944279122674
CBM61.hmm	group	T_GUS	0.443260754317616	0.110867458729226	21	8	0.000769500065647545	0.0134070588360899
GH13_2.hmm	group	T_GUS	-0.307349526259182	0.0758701643198521	21	13	0.000681951198304528	0.0134070588360899
GH43_17.hmm	group	T_GUS	0.604090284510119	0.148078053882846	21	3	0.000638910428579761	0.0134070588360899
GH5_13.hmm	group	T_GUS	-0.264045353560985	0.0659611775373697	21	21	0.000760887019179384	0.0134070588360899
GT14.hmm	group	T_GUS	-0.311932533927848	0.0773529409856183	21	3	0.000711230344415948	0.0134070588360899
GT25.hmm	group	T_GUS	-0.169078506183656	0.0421095851442953	21	21	0.000740042391974896	0.0134070588360899
GT77.hmm	group	T_GUS	-0.6730767740331	0.164533626620363	21	0	0.000622668484600795	0.0134070588360899
GH13_36.hmm	group	T_GUS	-0.261254458488948	0.0663019585992119	21	21	0.000877992647255368	0.0137974925617624
GH43_9.hmm	group	T_GUS	-0.274289172044553	0.069228227061877	21	21	0.000835481019569878	0.0137974925617624
PL11_2.hmm	group	T_GUS	0.593942533505474	0.150833234798705	21	9	0.000883283188280593	0.0137974925617624
GH43_31.hmm	group	T_GUS	-0.446393172746258	0.114433245301738	21	0	0.000960822567631146	0.0145084207712303
CBM63.hmm	group	T_GUS	0.339796519268165	0.088211575745457	21	0	0.00107419969843708	0.0152066394809999
PL22_2.hmm	group	T_GUS	0.533591088573365	0.138325635647324	21	21	0.00106094598557542	0.0152066394809999
GH13_4.hmm	group	T_GUS	-0.455544282584291	0.119507125506271	21	11	0.00117746521720142	0.015687992452713
GH44.hmm	group	T_GUS	0.350997536360569	0.0919508546384489	21	21	0.00116311698547112	0.015687992452713
CBM59.hmm	group	T_GUS	1.65032340243576	0.437120473245555	21	0	0.00127950739291004	0.0162721513911601
GH133.hmm	group	T_GUS	0.216914507938126	0.0575248822136454	21	21	0.00129315110393325	0.0162721513911601
CE4.hmm	group	T_GUS	-0.075206460975262	0.0202523773829196	21	21	0.00147380669476131	0.0175693271770229
GH97.hmm	group	T_GUS	-0.100761673986324	0.0271156703539403	21	21	0.00146532660483923	0.0175693271770229
GH145.hmm	group	T_GUS	0.274718471431546	0.0749458951350635	21	21	0.00164383610527353	0.0186164438922228
GH81.hmm	group	T_GUS	0.789831444259679	0.214920297925471	21	4	0.00160885911390726	0.0186164438922228
CBM50.hmm	group	T_GUS	-0.202904632870839	0.0555558276880445	21	21	0.00169436866536028	0.0187207074489806
PL2.hmm	group	T_GUS	1.66884434848323	0.45920342405029	21	0	0.00176546424542434	0.0190417929327911
GH30.hmm	group	T_GUS	-0.124986411759341	0.0347499074847895	21	21	0.00192265039089526	0.0202548983040826
GH143.hmm	group	T_GUS	0.525300355113609	0.146893949160796	21	2	0.00201528700286141	0.020748295734005
GT89.hmm	group	T_GUS	0.264596907929379	0.0741984763434564	21	21	0.002061549871111	0.020752935369184
GH13_21.hmm	group	T_GUS	-0.441999200700384	0.125019333261797	21	10	0.00221012098099096	0.021613905343638
GT46.hmm	group	T_GUS	0.236839808326874	0.0671116213603263	21	12	0.0022425023204216	0.021613905343638
GH43_11.hmm	group	T_GUS	0.267425997511482	0.0761492287464321	21	21	0.00233168761572077	0.0220053018733648
CE12.hmm	group	T_GUS	0.271955606869376	0.0779181042956163	21	21	0.00244879012001979	0.0221638604632935
GH45.hmm	group	T_GUS	2.28826707362151	0.656203225555283	21	0	0.0024663138894694	0.0221638604632935
GH5_2.hmm	group	T_GUS	0.593493209205894	0.170617343040075	21	0	0.00251504908335127	0.0221638604632935
GT51.hmm	group	T_GUS	-0.102068663282273	0.029385608907062	21	21	0.00254419590307122	0.0221638604632935
PL6_2.hmm	group	T_GUS	0.530666023234667	0.15451880223161	21	4	0.00277997026564878	0.0237608779309226
CBM23.hmm	group	T_GUS	0.777255235302859	0.228116258948037	21	0	0.00295541455907026	0.0239772149062633
GH17.hmm	group	T_GUS	-0.125894820916835	0.0369628330781176	21	21	0.00296407071688906	0.0239772149062633
GH23.hmm	group	T_GUS	-0.10629904046418	0.031084986725898	21	21	0.00287396458131951	0.0239772149062633
GT104.hmm	group	T_GUS	-0.284141818092446	0.0837517849755875	21	21	0.00305471615896085	0.0242769547370046
GH89.hmm	group	T_GUS	-0.282994842698249	0.0848246211053673	21	21	0.00346998873834496	0.0260528290403476
GT20.hmm	group	T_GUS	-0.0717941371320392	0.0215508834711552	21	21	0.0035082175970446	0.0260528290403476
PL4.hmm	group	T_GUS	0.242706234135694	0.0725114515423058	21	21	0.00338560715562964	0.0260528290403476
PL7_4.hmm	group	T_GUS	0.359116067014175	0.107746041098929	21	0	0.00349551286850312	0.0260528290403476
GH43_29.hmm	group	T_GUS	-0.285333343140955	0.0862284920917957	21	21	0.00368945076481298	0.0269567934912949
GH121.hmm	group	T_GUS	0.3056606232985	0.0928635087087364	21	21	0.00383809393563726	0.0275977230610108
GH5_10.hmm	group	T_GUS	1.58275945167617	0.485391153190196	21	0	0.00411272492687538	0.0291103811230398
GH75.hmm	group	T_GUS	0.258201670155817	0.079456854624629	21	0	0.00421766751112961	0.0293938981929495
AA3.hmm	group	T_GUS	-0.0800401591186552	0.0248257609424219	21	21	0.00446633998722602	0.0306553335486877
PL5_1.hmm	group	T_GUS	-0.722003732396843	0.226223252189395	21	0	0.00480427548266159	0.0324826387111299
AA2.hmm	group	T_GUS	-0.0787580622525947	0.0247684983211354	21	21	0.0049328086056113	0.0328612102697341
CBM4.hmm	group	T_GUS	-0.610142482462974	0.192492672584094	21	21	0.0050453344286081	0.0331237173356445
GT15.hmm	group	T_GUS	-0.544495746763791	0.175101986541869	21	0	0.0057703854503507	0.0373426372715553
PL3.hmm	group	T_GUS	0.329744304177866	0.106722164876034	21	0	0.00603137289571506	0.0384818580529426
GH140.hmm	group	T_GUS	0.269348141254422	0.087681269599034	21	21	0.00627580083113145	0.0394852468958687
AA6.hmm	group	T_GUS	-0.130466243076763	0.0426604614182727	21	21	0.00646928457543729	0.0396025123334202
PL9_4.hmm	group	T_GUS	-0.385725099312396	0.126083386872891	21	19	0.00645436900012633	0.0396025123334202
CE6.hmm	group	T_GUS	0.209311636106403	0.0686142171583123	21	21	0.00658079086251703	0.0397479768096028
GH36.hmm	group	T_GUS	-0.120971501367122	0.0397798604438224	21	21	0.00672163518748194	0.0400644834201226
GH65.hmm	group	T_GUS	-0.198106786934508	0.0654132534094434	21	21	0.00691044977768741	0.0401627603075289
GH92.hmm	group	T_GUS	-0.191336144133015	0.0631844334514376	21	21	0.00691544217215729	0.0401627603075289
GH135.hmm	group	T_GUS	-0.327739172211875	0.10846314872532	21	2	0.00701668455809992	0.0402349127192312
GH8.hmm	group	T_GUS	0.209065230784288	0.0693444087299959	21	21	0.00712297408402417	0.0403338407507868
GH26.hmm	group	T_GUS	0.148225911401452	0.0494147750439756	21	21	0.00736780052780117	0.0412051066554806
PL10.hmm	group	T_GUS	0.144692921507052	0.0483351426043201	21	21	0.00746784263880391	0.041255277016807
GH13_13.hmm	group	T_GUS	-0.264318614795762	0.088521145823398	21	21	0.00759442647378403	0.0414490987063153
GH13_23.hmm	group	T_GUS	-0.102105636020967	0.0342585375431621	21	21	0.00768726042873378	0.0414562973121
GH3.hmm	group	T_GUS	-0.124978967186341	0.042533799656757	21	21	0.00843592452391063	0.0449585154039002
GH5.hmm	group	T_GUS	0.217703519355195	0.0753578633824408	21	21	0.0094046083914415	0.0495382279223604
GT103.hmm	group	T_GUS	-0.596147926416315	0.207686936887207	21	0	0.00979439779933792	0.0509984161275871
GH30_4.hmm	group	T_GUS	-0.216906391679334	0.0759543766489565	21	0	0.0101142669137364	0.0520654876354839
PL3_1.hmm	group	T_GUS	-0.441291621554738	0.155304179901112	21	0	0.0104352348857575	0.0531141730702042
GH43_8.hmm	group	T_GUS	0.410347491506692	0.144965253096773	21	0	0.0106845945047511	0.0531881462709041
PL9_3.hmm	group	T_GUS	-0.303333172987404	0.107014915451788	21	0	0.0105954846505535	0.0531881462709041
CBM5.hmm	group	T_GUS	-0.213687413488979	0.0761052441403399	21	21	0.0112314228448822	0.0548002218544282
GH31.hmm	group	T_GUS	-0.116181157364932	0.0413895780859524	21	21	0.0112503766721012	0.0548002218544282
GH109.hmm	group	T_GUS	0.0744464878037234	0.0268405207972254	21	21	0.0120974541573013	0.0582994333325266
GH68.hmm	group	T_GUS	-0.397059557727038	0.144033371731796	21	0	0.0125507305447221	0.0598471677553589
GH5_41.hmm	group	T_GUS	0.20421461627671	0.0742249989522489	21	0	0.0126993513735505	0.0599250642939415
GH138.hmm	group	T_GUS	0.222428902323335	0.0810557920948919	21	21	0.0128975896128833	0.0602330731405789
GT81.hmm	group	T_GUS	-0.0949516928399015	0.0350583766442225	21	21	0.0139347233977134	0.0644125479506546
GH30_2.hmm	group	T_GUS	-0.311821391996244	0.115384174067061	21	0	0.014114099462532	0.0645826975406769
PL7_2.hmm	group	T_GUS	-1.21049302485558	0.450459399551616	21	0	0.0145849858566366	0.0660699859305637
GT19.hmm	group	T_GUS	-0.0701259508254981	0.0262825022901583	21	21	0.0151963740333012	0.0674897787949555
PL8.hmm	group	T_GUS	-0.175729502434373	0.0658579792544469	21	21	0.0151915116465225	0.0674897787949555
GH13.hmm	group	T_GUS	-0.156887278346273	0.0590505861141655	21	21	0.0155709592708024	0.0679088985660174
GT30.hmm	group	T_GUS	-0.0913156715723569	0.0343777615458798	21	21	0.015590563909196	0.0679088985660174
GT66.hmm	group	T_GUS	0.290224441361544	0.110111038008028	21	15	0.0162913429049522	0.070285507961365
GH49.hmm	group	T_GUS	-0.235727553964648	0.0905644106079882	21	0	0.0174777747703484	0.0746927544430927
GH13_19.hmm	group	T_GUS	-0.348369042614007	0.134067704109254	21	2	0.017643248463887	0.0746952481695402
GH13_6.hmm	group	T_GUS	-0.370993243612718	0.143382975932861	21	2	0.0180629739633067	0.0757641407905364
GH104.hmm	group	T_GUS	-0.259373852163418	0.103231981400051	21	9	0.0211730578378584	0.0879944513811911
GT33.hmm	group	T_GUS	0.977566023772083	0.391578061379581	21	0	0.0219023877311789	0.0901980149293096
CE11.hmm	group	T_GUS	-0.060404332573086	0.0244439488357627	21	21	0.0231016870085309	0.0937104518764712
GH30_5.hmm	group	T_GUS	-0.188086170593251	0.0761559455326163	21	1	0.0231690300445138	0.0937104518764712
GH43_3.hmm	group	T_GUS	-0.199535147988693	0.0809799500326894	21	21	0.0234500375855351	0.0940076727986495
GH106.hmm	group	T_GUS	0.151004114945962	0.0615959781091256	21	21	0.0240717391429276	0.0948217202760538
GH72.hmm	group	T_GUS	-0.540570391937193	0.220243736996541	21	0	0.0239262603506321	0.0948217202760538
GH93.hmm	group	T_GUS	-0.170357362272105	0.0709123555449293	21	21	0.0266735082149355	0.103274352319366
GT40.hmm	group	T_GUS	-0.28658722488392	0.119144873207634	21	0	0.0265073562422929	0.103274352319366
CBM9.hmm	group	T_GUS	0.171320697616435	0.0715191615049285	21	21	0.0270597557407564	0.103881943648836
GH103.hmm	group	T_GUS	-0.0844172054321938	0.035472296670649	21	21	0.0279531688065406	0.106409961927419
AA5_1.hmm	group	T_GUS	-1.10190412303093	0.466187361713248	21	0	0.0289044938195864	0.109114464168938
GH5_34.hmm	group	T_GUS	-1.01680259213794	0.432063122388612	21	0	0.0295257002986101	0.110538365580747
GH35.hmm	group	T_GUS	-0.110643992435848	0.0470974334092479	21	21	0.0297772976759079	0.110566523337592
GH13_14.hmm	group	T_GUS	-0.890311199814598	0.381106722981246	21	0	0.0305952001645019	0.112679883532678
GH123.hmm	group	T_GUS	-0.132333096694693	0.057158854672422	21	21	0.0319420387524256	0.116691480281039
GT75.hmm	group	T_GUS	-0.215323162900692	0.0931937326643306	21	0	0.0322512183594021	0.116878415334473
GH120.hmm	group	T_GUS	-0.157977590778152	0.0691281608358915	21	21	0.0339601850942507	0.120300193127197
GH13_1.hmm	group	T_GUS	-0.205799922035509	0.0901756501102105	21	0	0.034174238406472	0.120300193127197
GT2_Cellulose_synt.hmm	group	T_GUS	-0.272317398976271	0.119384133155568	21	0	0.0342576708905263	0.120300193127197
GT29.hmm	group	T_GUS	1.01011045827785	0.442756160820013	21	0	0.0342299322062464	0.120300193127197
GH43_18.hmm	group	T_GUS	0.171823716141771	0.076513480516824	21	21	0.0368161981802978	0.127310975386831
GH73.hmm	group	T_GUS	-0.140941407318125	0.0627381580654976	21	21	0.0367537009561498	0.127310975386831
GT94.hmm	group	T_GUS	0.191407028469242	0.0857307992320439	21	15	0.0378015054436993	0.129727893681786
GH13_22.hmm	group	T_GUS	-0.573186479657067	0.259881931297874	21	0	0.0399303536432147	0.133020324649854
GH32.hmm	group	T_GUS	-0.106309032484375	0.0480879767139972	21	21	0.0395169557899556	0.133020324649854
PL1_7.hmm	group	T_GUS	-0.42625544390672	0.192977635995842	21	0	0.0396677716352665	0.133020324649854
PL17_1.hmm	group	T_GUS	0.468963142816802	0.212633330106059	21	0	0.0399354617050335	0.133020324649854
PL1_2.hmm	group	T_GUS	0.211989432960964	0.0969544517963991	21	21	0.0414952580713945	0.137206948221472
CE16.hmm	group	T_GUS	-0.151144146265696	0.0698935219266893	21	21	0.0435426429749819	0.141905160199042
GH43_37.hmm	group	T_GUS	0.203948135732364	0.0941674894221049	21	10	0.0432547747288132	0.141905160199042
CE9.hmm	group	T_GUS	-0.054958515958189	0.0255319695998555	21	21	0.0444187788927539	0.143008882833529
dockerin.hmm	group	T_GUS	0.37198938338204	0.172899231684467	21	0	0.0445126986303037	0.143008882833529
GT3.hmm	group	T_GUS	0.408243483531285	0.19049716259368	21	0	0.0452694247941879	0.144066317560609
GT56.hmm	group	T_GUS	-0.480563934340789	0.22448493451131	21	0	0.0454778883248722	0.144066317560609
AA7.hmm	group	T_GUS	-0.0633251294165027	0.0297062824879573	21	21	0.0463042296910984	0.145509211743703
GH74.hmm	group	T_GUS	-0.122294135636548	0.0574482057411585	21	21	0.0465757962535031	0.145509211743703
PL6_1.hmm	group	T_GUS	-0.172390672743983	0.0815409450352998	21	19	0.0479487894433626	0.148772613820844
PL1_6.hmm	group	T_GUS	-0.313286687993144	0.148743679074318	21	21	0.0487104306452625	0.150107653621115
GH130.hmm	group	T_GUS	-0.0972299173178189	0.0462535108819756	21	21	0.0491088155357122	0.150312793497822
GH43_7.hmm	group	T_GUS	0.499481426403799	0.239300481737915	21	0	0.0505733679838694	0.153756615414046
GH18.hmm	group	T_GUS	-0.110162551323245	0.0529744115294877	21	21	0.0513494532728677	0.154048359818603
GH5_46.hmm	group	T_GUS	-0.144869274505478	0.069594118961941	21	1	0.0511382888708754	0.154048359818603
PL22.hmm	group	T_GUS	0.0792667957323488	0.0381994754160792	21	21	0.0518038207882399	0.154167029241395
PL6.hmm	group	T_GUS	0.318509646626525	0.1536853988696	21	9	0.0520696588828553	0.154167029241395
GH13_40.hmm	group	T_GUS	-0.399704979833466	0.194236700604649	21	0	0.0535927648833843	0.157646249949176
CBM62.hmm	group	T_GUS	-0.380198354671533	0.186021881773643	21	13	0.0550839338126391	0.160987238820164
GH38.hmm	group	T_GUS	-0.101712350138616	0.0499166940211399	21	21	0.055756198336849	0.161907422093542
AA3_2.hmm	group	T_GUS	-0.0594325241084454	0.0297787350366401	21	21	0.060492816215331	0.174542966532133
GH1.hmm	group	T_GUS	-0.062486121309061	0.0315854488645735	21	21	0.0625768233953943	0.179413297456415
CE7.hmm	group	T_GUS	-0.0417672151138025	0.0215349774539066	21	21	0.06743375603196	0.189316971655733
GH43.hmm	group	T_GUS	-0.167313240457596	0.086038562039507	21	21	0.0667737996839468	0.189316971655733
GH5_27.hmm	group	T_GUS	-0.275951250694735	0.14240184189843	21	0	0.0676501883364079	0.189316971655733
PL16.hmm	group	T_GUS	-0.306297147296126	0.158094588211825	21	0	0.06770275807556	0.189316971655733
AA1_2.hmm	group	T_GUS	-0.599356872844032	0.310427665590871	21	0	0.0685752581671923	0.189418243595964
GH43_28.hmm	group	T_GUS	-0.108419987107045	0.0560745995304811	21	21	0.0682151040162332	0.189418243595964
GH13_5.hmm	group	T_GUS	-0.13616755958924	0.0718212251111993	21	0	0.0732840105723624	0.201197919935031
PL7.hmm	group	T_GUS	0.301230947196489	0.15946497106156	21	0	0.0742521781678233	0.202627931988096
AA1.hmm	group	T_GUS	-0.0461011300412693	0.024551939629555	21	21	0.0758606697295562	0.204179778334172
GT1.hmm	group	T_GUS	-0.0762253103161808	0.0405903752282918	21	21	0.0758294129406645	0.204179778334172
PL9.hmm	group	T_GUS	0.0663119713728036	0.0353564680075253	21	21	0.0761730298862584	0.204179778334172
CBM12.hmm	group	T_GUS	-0.182025393925923	0.0975811531763206	21	10	0.0776478622886624	0.205698722905053
GH127.hmm	group	T_GUS	-0.0439094637933882	0.0235153719142096	21	21	0.0773711094378939	0.205698722905053
GT45.hmm	group	T_GUS	0.66974632439454	0.362998017221316	21	0	0.0806776349915606	0.212482375878936
CBM34.hmm	group	T_GUS	-0.305285692752362	0.166009698581349	21	0	0.0816032468681942	0.213677866076832
GT48.hmm	group	T_GUS	-0.516000388090785	0.282246122638408	21	0	0.0832661839141743	0.216779202948971
PL25.hmm	group	T_GUS	0.898229676383619	0.495049992177156	21	0	0.0854355979088103	0.221156147729663
AA1_1.hmm	group	T_GUS	-0.750863256019517	0.418375646788213	21	0	0.0886266648026166	0.221511607825058
GH28.hmm	group	T_GUS	0.101705124912232	0.0565003673860887	21	21	0.0877474728885045	0.221511607825058
GH51.hmm	group	T_GUS	0.0651393936488628	0.0363926022289672	21	21	0.0894197919511507	0.221511607825058
GH53.hmm	group	T_GUS	0.106611416449036	0.0591031277046609	21	21	0.087139256351979	0.221511607825058
GH9.hmm	group	T_GUS	0.0786787722989583	0.0437167719489552	21	21	0.087802957141155	0.221511607825058
GT58.hmm	group	T_GUS	-0.663561737254174	0.36993431853302	21	0	0.0887883512081296	0.221511607825058
PL27.hmm	group	T_GUS	0.178672662146486	0.0998441611634965	21	0	0.0894848217041623	0.221511607825058
PL4_2.hmm	group	T_GUS	0.314523038637273	0.173895227847034	21	0	0.0863526288646884	0.221511607825058
GT57.hmm	group	T_GUS	-0.434870361254411	0.243579389659689	21	0	0.0901808756980004	0.222021395060838
CBM20.hmm	group	T_GUS	-0.225847717727593	0.128610632517423	21	6	0.0951861539655199	0.233077447277732
CBM57.hmm	group	T_GUS	0.228226580848054	0.130971115156767	21	21	0.0975716540574409	0.235005437317422
GH4.hmm	group	T_GUS	-0.0644908332431797	0.0371271408032296	21	21	0.0985674019653646	0.235005437317422
GT74.hmm	group	T_GUS	-0.993003450504484	0.569205730170022	21	0	0.097219929543794	0.235005437317422
PL22_1.hmm	group	T_GUS	-0.105655656049851	0.0605341711492088	21	21	0.0970691787198524	0.235005437317422
PL9_2.hmm	group	T_GUS	-0.127671407522458	0.0734135175764843	21	21	0.0981990701928068	0.235005437317422
GH13_31.hmm	group	T_GUS	-0.129609941746848	0.0747814207862513	21	20	0.0992626024773413	0.235423868702804
GH5_29.hmm	group	T_GUS	-0.155083214616242	0.0901778981429145	21	0	0.101726574435272	0.24001113655822
GH114.hmm	group	T_GUS	0.0847789413707446	0.0495657668912203	21	21	0.103465333665809	0.242848684718194
GH13_3.hmm	group	T_GUS	-0.0685956517244742	0.040420663785994	21	21	0.106009484228196	0.24501323089314
GH37.hmm	group	T_GUS	-0.135115421584995	0.0797503479344677	21	21	0.106551007695251	0.24501323089314
GH43_19.hmm	group	T_GUS	-0.189360358189162	0.111516656594317	21	1	0.10581737630251	0.24501323089314
GH91.hmm	group	T_GUS	-0.2294773842956	0.135254046903957	21	0	0.106087167805352	0.24501323089314
GH59.hmm	group	T_GUS	-0.11455799766618	0.0677940810899361	21	21	0.107409455911395	0.245739815797283
GH13_7.hmm	group	T_GUS	-0.175878072959424	0.105157931015863	21	0	0.11080975614759	0.251963321443795
GH5_28.hmm	group	T_GUS	-0.251441147997463	0.150532090518898	21	0	0.111242084522647	0.251963321443795
CBM37.hmm	group	T_GUS	-0.242055673924329	0.145592597114544	21	18	0.112810826517707	0.254245295584682
GT41.hmm	group	T_GUS	0.0532790892836746	0.0322999226442175	21	21	0.115478165584173	0.258968361433814
GT10.hmm	group	T_GUS	-0.25576833999034	0.155726784604478	21	1	0.116951266676774	0.260979920219598
GH43_4.hmm	group	T_GUS	-0.215611021184829	0.13330993466387	21	20	0.122281041870084	0.271535842976216
PL7_1.hmm	group	T_GUS	-0.705947443509189	0.438203035088211	21	0	0.123666637046877	0.273273105279196
GH13_38.hmm	group	T_GUS	-0.12649397523447	0.0795451068432079	21	0	0.128287429669502	0.282107794370313
GT28.hmm	group	T_GUS	-0.0454272995431807	0.0287315516151924	21	21	0.130360440731961	0.285281544210523
GH43_23.hmm	group	T_GUS	0.226312878315239	0.144199976978261	21	0	0.133050183402847	0.287008252768999
GH5_35.hmm	group	T_GUS	-0.480004355497143	0.30571742877689	21	0	0.132898086476767	0.287008252768999
PL9_1.hmm	group	T_GUS	0.235983633791663	0.150199221865602	21	0	0.132655089186829	0.287008252768999
GH117.hmm	group	T_GUS	0.137883643189018	0.088514780899097	21	12	0.13579415636588	0.291539112956132
CBM30.hmm	group	T_GUS	0.234377212891252	0.151347632599878	21	0	0.13797348069031	0.293844430317263
PL12_3.hmm	group	T_GUS	-0.0795136847656163	0.051371975056845	21	21	0.138165261937256	0.293844430317263
CBM42.hmm	group	T_GUS	0.203339441780728	0.131944269707231	21	3	0.13978258375587	0.295894908604715
CE8.hmm	group	T_GUS	0.0746132859937546	0.0485955780395659	21	21	0.141172572428226	0.297447327023192
GH12.hmm	group	T_GUS	0.0993635072525264	0.0650145388738016	21	21	0.142908740877512	0.299711387118116
GH144.hmm	group	T_GUS	-0.048478048567185	0.032100608409581	21	21	0.147446790015207	0.306867735284465
GH5_24.hmm	group	T_GUS	-0.152100381511971	0.100776264404454	21	0	0.147675863779279	0.306867735284465
GH94.hmm	group	T_GUS	-0.060298785545485	0.040061064703008	21	21	0.148723481094393	0.307633501989772
GT31.hmm	group	T_GUS	-0.519143984629	0.349733782318803	21	0	0.154104972639691	0.317316148208092
CBM35.hmm	group	T_GUS	0.0655089573665635	0.0447771196899491	21	21	0.15981383114346	0.327582196868722
PL8_3.hmm	group	T_GUS	-0.225330952588129	0.154465030330818	21	0	0.160959307664043	0.328443992665817
GH5_7.hmm	group	T_GUS	-0.0659580883912909	0.0455390196758611	21	21	0.163811526653408	0.332765119165891
CBM1.hmm	group	T_GUS	-0.517547122982308	0.362021716183871	21	0	0.16906884187616	0.340913541930615
GH102.hmm	group	T_GUS	-0.0535828231291925	0.0375048870856609	21	21	0.169327918177458	0.340913541930615
GT50.hmm	group	T_GUS	-0.277418330027343	0.195565581679752	21	5	0.172227437485224	0.345216943277906
CBM6.hmm	group	T_GUS	0.0639768997847433	0.0453710451894628	21	21	0.174676317166571	0.348354987771031
GT5.hmm	group	T_GUS	0.0412552192051463	0.0293039895146225	21	21	0.175330987222505	0.348354987771031
GH110.hmm	group	T_GUS	-0.107217619345142	0.0766101576317891	21	1	0.177771760359659	0.348617348237773
GH128.hmm	group	T_GUS	0.0993769206685008	0.0709521621761863	21	20	0.177448331467066	0.348617348237773
GH16.hmm	group	T_GUS	0.0597543566575605	0.0426769426520671	21	21	0.177584890778266	0.348617348237773
GH142.hmm	group	T_GUS	0.10821717685366	0.0777692722074812	21	16	0.180147967603782	0.350244761049413
GT70.hmm	group	T_GUS	-0.215629350274554	0.154715106564795	21	17	0.179491637584616	0.350244761049413
GH116.hmm	group	T_GUS	-0.0599696577077079	0.0434885645224409	21	21	0.183921028763657	0.356052247991183
GH13_10.hmm	group	T_GUS	0.0427372009443906	0.0312099273310255	21	21	0.186860778070829	0.359615833732102
GH5_18.hmm	group	T_GUS	-0.105537766232009	0.0771611820280354	21	0	0.187349529273236	0.359615833732102
GH10.hmm	group	T_GUS	0.0424172035405401	0.0315662327162455	21	21	0.194857041880694	0.371294384385316
GH79.hmm	group	T_GUS	-0.0435414842017938	0.0324192994077961	21	21	0.195072987822749	0.371294384385316
CBM66.hmm	group	T_GUS	0.0444524292496844	0.0334137861488189	21	21	0.199147427541014	0.375890769483664
GT8.hmm	group	T_GUS	-0.0788767232125488	0.0592256563050488	21	21	0.198683151660986	0.375890769483664
AA9.hmm	group	T_GUS	-0.335027880002708	0.252796669476579	21	0	0.200793154619556	0.376971063706295
GH5_9.hmm	group	T_GUS	-0.631009615297938	0.477703555072094	21	0	0.202216265961655	0.376971063706295
PL1_5.hmm	group	T_GUS	-0.177125061886232	0.13385897799441	21	3	0.201465595112355	0.376971063706295
GH99.hmm	group	T_GUS	-0.0630157764636231	0.0478146940312721	21	21	0.203201524265004	0.37725528890183
GH82.hmm	group	T_GUS	-0.26951958919776	0.206711378780372	21	0	0.207863246394796	0.384334900476909
GT12.hmm	group	T_GUS	0.206278491829649	0.158662698316859	21	0	0.209115550555068	0.385078635778234
CBM8.hmm	group	T_GUS	0.111694032894799	0.0871255850413331	21	6	0.215269431599278	0.393213921429326
GH5_38.hmm	group	T_GUS	0.405012792698831	0.315591221742543	21	0	0.214803588934119	0.393213921429326
GH105.hmm	group	T_GUS	0.0732240219664457	0.0573719513846492	21	21	0.217229294964196	0.395200283609562
CE10.hmm	group	T_GUS	-0.0299106923284975	0.0235804113866436	21	21	0.219957533641791	0.396975150357495
GH129.hmm	group	T_GUS	0.262692052920633	0.206735068032695	21	0	0.219184903427425	0.396975150357495
GH119.hmm	group	T_GUS	0.0491984704192651	0.0388707422034551	21	21	0.220923569745721	0.397136417042903
CE3.hmm	group	T_GUS	-0.0310348595188587	0.0245751224591982	21	21	0.221919772785241	0.397350423208357
PL10_3.hmm	group	T_GUS	0.172229798437121	0.137663989587215	21	0	0.226088834883363	0.403221425992769
GH5_8.hmm	group	T_GUS	-0.116515664457291	0.0941545505962446	21	1	0.23097963591363	0.41032852968186
GH141.hmm	group	T_GUS	0.0322471583267373	0.0263570244006957	21	21	0.236107708647085	0.412960586938724
GH27.hmm	group	T_GUS	-0.0381917503157522	0.0311213986802919	21	21	0.234741732781674	0.412960586938724
PL14.hmm	group	T_GUS	-0.122989157467501	0.100383071852352	21	0	0.235472685354548	0.412960586938724
PL4_1.hmm	group	T_GUS	0.0973683766135226	0.0795823628408068	21	21	0.236101443864402	0.412960586938724
GT101.hmm	group	T_GUS	0.741597155156582	0.608639234149905	21	0	0.237966447731786	0.414610772394227
CE5.hmm	group	T_GUS	-0.116459797625307	0.0974440368228648	21	21	0.24673538960059	0.425316501175129
GH13_30.hmm	group	T_GUS	-0.095518820903709	0.0798742982842803	21	21	0.246461312356955	0.425316501175129
GH5_26.hmm	group	T_GUS	0.50250232135233	0.420630230185286	21	0	0.246927681697702	0.425316501175129
GH13_18.hmm	group	T_GUS	-0.12715398791961	0.107076464346633	21	0	0.249662265601904	0.427167307886726
GH13_25.hmm	group	T_GUS	-0.568908129157875	0.480304203614075	21	0	0.250831134432382	0.427167307886726
PL10_1.hmm	group	T_GUS	0.687929113815421	0.580675251116711	21	0	0.250742002465294	0.427167307886726
GT39.hmm	group	T_GUS	0.0597841767908583	0.0509897872647199	21	21	0.255498458590042	0.433486148843779
GH30_7.hmm	group	T_GUS	-0.142317286518887	0.121903743545836	21	0	0.257468959896402	0.435079039230711
GH43_33.hmm	group	T_GUS	0.206122056867736	0.176898208326895	21	0	0.258358193273866	0.435079039230711
GT13.hmm	group	T_GUS	0.243581680304901	0.210474925916561	21	0	0.261494358263787	0.438729423309242
GH67.hmm	group	T_GUS	0.0405142689720301	0.0352197254731884	21	21	0.26428134495577	0.441769185479571
GH48.hmm	group	T_GUS	-0.115869293355372	0.101350507328625	21	21	0.267134587833415	0.444896942237268
GH43_36.hmm	group	T_GUS	-0.124926837501989	0.109619109560974	21	4	0.268598485245106	0.445696387604517
cohesin.hmm	group	T_GUS	-0.12522396614768	0.11131536023182	21	0	0.274622200832786	0.454028675099459
GH5_12.hmm	group	T_GUS	0.169038866401966	0.151577404732479	21	0	0.278672772177271	0.459050057441105
CBM22.hmm	group	T_GUS	0.086412766761364	0.0782304846470516	21	9	0.283129029240222	0.464700906687755
AA1_3.hmm	group	T_GUS	-0.110777246230374	0.10154918083899	21	0	0.288970195530209	0.466893687019741
GH43_6.hmm	group	T_GUS	0.57884612213282	0.531362026141697	21	0	0.289618379806948	0.466893687019741
GH5_1.hmm	group	T_GUS	-0.117633182516127	0.107074103334818	21	8	0.285663271956298	0.466893687019741
GH7.hmm	group	T_GUS	-0.374946385054751	0.344094605247342	21	0	0.289490467575072	0.466893687019741
PL4_5.hmm	group	T_GUS	-0.451309181716632	0.411939033723428	21	0	0.286959326285375	0.466893687019741
GH13_39.hmm	group	T_GUS	-0.565935350671271	0.523881597877239	21	0	0.293542837366458	0.47154221747165
GT92.hmm	group	T_GUS	-0.150316753601573	0.140546837319417	21	3	0.298238052045128	0.477391652213579
CBM3.hmm	group	T_GUS	0.16289132819639	0.154914220847146	21	3	0.306222236597013	0.488446032318474
GH111.hmm	group	T_GUS	0.15193310650919	0.145694760058179	21	0	0.310120413525067	0.492928236234581
GH13_16.hmm	group	T_GUS	-0.0301122377307966	0.0290657846435219	21	21	0.313207240943613	0.494002503480747
GH13_26.hmm	group	T_GUS	0.0367297002746898	0.035382092418055	21	21	0.312260823312611	0.494002503480747
GH136.hmm	group	T_GUS	-0.042029394720466	0.0406430012542572	21	21	0.314067816782462	0.494002503480747
GH13_42.hmm	group	T_GUS	0.456828105620335	0.444279363346639	21	5	0.316747609183599	0.494781610207484
GT4.hmm	group	T_GUS	-0.0248410203376983	0.0241077162941034	21	21	0.315753237718703	0.494781610207484
GH43_10.hmm	group	T_GUS	-0.0771932947737274	0.0753506216978481	21	21	0.318487745402498	0.49579020160595
GH43_24.hmm	group	T_GUS	-0.0483162964528052	0.047938351662891	21	21	0.326174303955587	0.506016985246167
AA3_4.hmm	group	T_GUS	0.0983285359147926	0.100001114466616	21	0	0.337828586898214	0.522308361313621
GH5_4.hmm	group	T_GUS	-0.0536818133851437	0.0549187029550005	21	21	0.340615248999334	0.524825536723464
GT34.hmm	group	T_GUS	-0.22418480079492	0.23047836273442	21	0	0.342927227685051	0.526596725902807
GT35.hmm	group	T_GUS	0.02795457454189	0.0290674449105595	21	21	0.348273739676302	0.531908994664605
PL21.hmm	group	T_GUS	-0.347317817338154	0.361498553574142	21	0	0.348735036237059	0.531908994664605
AA4.hmm	group	T_GUS	-0.0296003418282385	0.0311628692790713	21	21	0.354110600435892	0.533851504371261
CBM44.hmm	group	T_GUS	-0.038272275454028	0.0404462732096516	21	21	0.355901002914174	0.533851504371261
CBM46.hmm	group	T_GUS	-0.105757488816244	0.111734138015966	21	0	0.355771659919583	0.533851504371261
GH15.hmm	group	T_GUS	-0.0284540846077833	0.0300111883792343	21	21	0.354974596649992	0.533851504371261
PL4_4.hmm	group	T_GUS	0.0661783453424463	0.0696404545989814	21	21	0.353899394591746	0.533851504371261
CBM69.hmm	group	T_GUS	0.271836668465774	0.288614293494722	21	0	0.358082506059059	0.535351073415028
CBM48.hmm	group	T_GUS	0.0386022332764998	0.0431988188736458	21	21	0.382718328748149	0.568430829255448
GH77.hmm	group	T_GUS	0.0278412840381409	0.0311100484796288	21	21	0.382022595783788	0.568430829255448
GT47.hmm	group	T_GUS	0.159593493084657	0.180108907010842	21	0	0.386644614681506	0.570521206679877
GT69.hmm	group	T_GUS	-0.335825858447982	0.378676984782556	21	0	0.38625316873018	0.570521206679877
AA11.hmm	group	T_GUS	0.368175706646261	0.420755936416223	21	0	0.392482928338807	0.573531504959612
GH13_33.hmm	group	T_GUS	-0.118047220044863	0.134811460666582	21	0	0.392157917175744	0.573531504959612
GH95.hmm	group	T_GUS	0.0235584719112101	0.0267797053811914	21	21	0.390005699026375	0.573531504959612
GH33.hmm	group	T_GUS	0.0275770738620699	0.0320733888463345	21	21	0.400611950919336	0.58352801854167
GT2.hmm	group	T_GUS	-0.0206705030267146	0.0245418375051196	21	21	0.41012195251795	0.595465527213563
GH137.hmm	group	T_GUS	0.0499963136045534	0.0607083493077092	21	0	0.420413398880833	0.608457730648618
GH43_32.hmm	group	T_GUS	-0.111233651158538	0.13802742887238	21	1	0.430282903895804	0.618787795126347
GH54.hmm	group	T_GUS	0.0602563683003453	0.0745850004097554	21	21	0.429154094723283	0.618787795126347
GH30_1.hmm	group	T_GUS	-0.0597816885750893	0.0748610655289356	21	21	0.434409706537758	0.622745560321533
GH62.hmm	group	T_GUS	-0.0502031408331473	0.0631699062247161	21	21	0.43658479132685	0.623889307479694
GH30_3.hmm	group	T_GUS	-0.362810943129828	0.468720958601392	21	0	0.448429477491533	0.635493535995949
GH55.hmm	group	T_GUS	-0.0365409034997691	0.0472589480620637	21	21	0.448913756111929	0.635493535995949
GT27.hmm	group	T_GUS	0.0341808287794972	0.0441758698055228	21	21	0.448602860558373	0.635493535995949
GH43_14.hmm	group	T_GUS	0.379571923910882	0.493572046521378	21	0	0.451329848203527	0.63692343064236
GH85.hmm	group	T_GUS	0.131317031587352	0.171679906485781	21	0	0.453730758081674	0.638323085127324
GT59.hmm	group	T_GUS	0.134846644285981	0.178056184289093	21	0	0.458144310139854	0.642536756945368
GT99.hmm	group	T_GUS	0.124777549680111	0.165689762400828	21	0	0.460632366197919	0.64403228977672
GT76.hmm	group	T_GUS	-0.0430484721663096	0.0574126631343233	21	21	0.46255448361603	0.644729787932498
GT26.hmm	group	T_GUS	0.0188351958661193	0.0254514783042278	21	21	0.468320317230111	0.650764121795215
AA12.hmm	group	T_GUS	0.025269584122177	0.034617358704631	21	21	0.474314070450047	0.655074005834973
GH5_5.hmm	group	T_GUS	0.0447674293849537	0.0613185263323386	21	20	0.474247537290773	0.655074005834973
GH2.hmm	group	T_GUS	-0.0214228358506548	0.0296137137548603	21	21	0.478240750265839	0.65649412081947
GH43_15.hmm	group	T_GUS	-0.197895927474189	0.273099739723238	21	0	0.477509271249613	0.65649412081947
CBM56.hmm	group	T_GUS	0.0718459917515524	0.100220386205216	21	21	0.482168475065769	0.658351033482792
GH108.hmm	group	T_GUS	-0.0746925708357729	0.104271149361736	21	21	0.482500095179441	0.658351033482792
GH13_11.hmm	group	T_GUS	0.0186505745379295	0.0264929511588194	21	21	0.489982462192054	0.664557052014971
GH5_39.hmm	group	T_GUS	-0.0395436570900587	0.0560081540075712	21	21	0.488734703716342	0.664557052014971
GH43_34.hmm	group	T_GUS	-0.138677545896138	0.199035810444918	21	0	0.494398359439002	0.668224481690024
GT22.hmm	group	T_GUS	-0.0403146459319805	0.0580297043678137	21	1	0.495636701650879	0.668224481690024
AA10.hmm	group	T_GUS	-0.0755211954900033	0.110141432132174	21	17	0.501199724936649	0.668934464731938
CBM38.hmm	group	T_GUS	0.0445163079902901	0.064462302254872	21	21	0.498180542450499	0.668934464731938
CBM40.hmm	group	T_GUS	-0.0209616826572828	0.0306339022453672	21	21	0.5020700176796	0.668934464731938
GH115.hmm	group	T_GUS	-0.0365054643821746	0.0532037297308566	21	21	0.500909853632434	0.668934464731938
GH13_9.hmm	group	T_GUS	0.0185712572915264	0.0273353272975238	21	21	0.505086109388362	0.669017565944234
GH43_20.hmm	group	T_GUS	-0.318454800666487	0.468165582313495	21	0	0.504571130745052	0.669017565944234
CBM13.hmm	group	T_GUS	-0.057324287251568	0.0861729601747979	21	21	0.513902254705089	0.673018838069476
CE1.hmm	group	T_GUS	0.0180133924512058	0.0272161472690868	21	21	0.516006053841262	0.673018838069476
GH46.hmm	group	T_GUS	-0.0503626085649027	0.0756832396461161	21	5	0.513767290124773	0.673018838069476
GH5_25.hmm	group	T_GUS	0.0599685501881321	0.0897029493838532	21	17	0.511840308594569	0.673018838069476
GH5_40.hmm	group	T_GUS	0.0466862816272111	0.0708480992984802	21	21	0.517826687535919	0.673018838069476
GT62.hmm	group	T_GUS	-0.0582396055642152	0.0888103982584612	21	0	0.519831803332811	0.673018838069476
GT85.hmm	group	T_GUS	-0.0887443852654779	0.133987572539518	21	0	0.515712186956015	0.673018838069476
GT9.hmm	group	T_GUS	-0.0260639585794507	0.0397607725509352	21	21	0.519992479744628	0.673018838069476
GH5_51.hmm	group	T_GUS	0.0661298024439274	0.103939850382343	21	0	0.532215851645738	0.686876868363303
GT17.hmm	group	T_GUS	-0.128640276914327	0.203221349058553	21	0	0.534275352513374	0.687575950819768
GH113.hmm	group	T_GUS	0.0277899534270182	0.0447821944860325	21	21	0.542263232973888	0.695878879708701
CBM14.hmm	group	T_GUS	-0.12073244070869	0.196592019819531	21	0	0.546415366168403	0.699226443147702
GT97.hmm	group	T_GUS	0.0903761458097392	0.1485491260144	21	0	0.550132017459552	0.701999447631484
GH71.hmm	group	T_GUS	-0.0923992648831763	0.154326570697631	21	0	0.556427495662362	0.708038358244523
GH13_32.hmm	group	T_GUS	0.258089584526985	0.434240204952086	21	0	0.559291163055092	0.709688786733773
GH13_24.hmm	group	T_GUS	-0.0821192917037468	0.14026746180951	21	0	0.565136075013116	0.714849583872441
PL8_2.hmm	group	T_GUS	-0.062414708218806	0.1069924295478	21	4	0.566514350132906	0.714849583872441
CBM60.hmm	group	T_GUS	-0.329195350479141	0.567397210734805	21	0	0.568607420621059	0.715497670948166
GT84.hmm	group	T_GUS	-0.0390390578353455	0.0680057459271172	21	21	0.572664340527636	0.718606499332464
GH88.hmm	group	T_GUS	0.0347575124657283	0.0609229866044986	21	21	0.57501382795991	0.719561502944307
GH5_19.hmm	group	T_GUS	0.0393695901398692	0.0700933263054375	21	0	0.580903940857752	0.724929711318352
PL14_3.hmm	group	T_GUS	0.295213998191394	0.533983882884402	21	0	0.586811187142562	0.73028974663621
GH43_2.hmm	group	T_GUS	-0.0489960122154385	0.0900282717736792	21	0	0.592613917685289	0.735490697839551
GT102.hmm	group	T_GUS	-0.0582066433298902	0.107598769750099	21	3	0.594821271191093	0.736213212703729
GT60.hmm	group	T_GUS	-0.0796769379445325	0.149491852943597	21	0	0.600223139350621	0.740874883176652
GH13_15.hmm	group	T_GUS	0.106739144702831	0.204422376924536	21	4	0.607600552978546	0.747943072008917
GT49.hmm	group	T_GUS	-0.219060954979999	0.430161431167967	21	0	0.616438482962932	0.756765942499209
GH5_22.hmm	group	T_GUS	-0.0491035366163885	0.0973923672633812	21	0	0.619929603295354	0.75778835584046
GT53.hmm	group	T_GUS	-0.0561933963522449	0.111675216679235	21	17	0.620616953679494	0.75778835584046
GT71.hmm	group	T_GUS	-0.057584384505423	0.116083070765302	21	0	0.625540389067642	0.759704547580809
PL11_1.hmm	group	T_GUS	0.110858981222034	0.223329726556713	21	0	0.625312166540111	0.759704547580809
CBM2.hmm	group	T_GUS	-0.0576628498870111	0.118262184425533	21	21	0.63142243929302	0.762138735579405
CBM54.hmm	group	T_GUS	-0.325903415283439	0.672850826502944	21	0	0.633665339593337	0.762138735579405
GH39.hmm	group	T_GUS	0.0165097162054656	0.0339527938303779	21	21	0.632347499254046	0.762138735579405
GT87.hmm	group	T_GUS	0.0259831183547365	0.0537409990176671	21	21	0.63427440025041	0.762138735579405
CBM70.hmm	group	T_GUS	0.149587582380011	0.313769626705652	21	0	0.638982040315721	0.765764191172015
GT73.hmm	group	T_GUS	-0.0710396539319683	0.160650305375093	21	0	0.663336535379844	0.791837909578544
PL18.hmm	group	T_GUS	0.143731523043911	0.325968318561605	21	0	0.66423489103719	0.791837909578544
GH5_42.hmm	group	T_GUS	-0.128528061882649	0.294172466795127	21	0	0.667098911899557	0.793164848006559
PL1_9.hmm	group	T_GUS	0.0742884512040461	0.174921072098443	21	0	0.675828105107523	0.801440135114419
GH43_22.hmm	group	T_GUS	-0.0506252457262186	0.12091423403008	21	0	0.680139590076766	0.804447086957638
PL4_3.hmm	group	T_GUS	0.116566233534482	0.282567802751624	21	0	0.68457235536665	0.807581450471595
SLH.hmm	group	T_GUS	-0.103390794110511	0.255821735779331	21	0	0.690614169078843	0.812592775565496
GH13_8.hmm	group	T_GUS	0.0535908771599523	0.134814924527711	21	0	0.69541867120966	0.816126057145015
AA5.hmm	group	T_GUS	0.0207193486114875	0.0529999256422255	21	21	0.700196795031658	0.819610201936282
AA3_3.hmm	group	T_GUS	-0.0193005165330671	0.0502282081247595	21	21	0.705055088688403	0.821053869346649
CE14.hmm	group	T_GUS	0.0103379599736803	0.026735069496546	21	21	0.703288537027283	0.821053869346649
GH5_44.hmm	group	T_GUS	-0.206422319029361	0.544399711821569	21	0	0.708762860502219	0.823255322583347
GH139.hmm	group	T_GUS	-0.0193564202796834	0.0528359086839671	21	21	0.718151868301704	0.832027612124481
GH84.hmm	group	T_GUS	-0.0200954518198012	0.0561950170853546	21	21	0.724582801067026	0.837336757355517
GH64.hmm	group	T_GUS	-0.0299012935504145	0.0847121200877033	21	21	0.727992651885004	0.839136568203326
CBM51.hmm	group	T_GUS	-0.0276055045211286	0.0795406332198535	21	21	0.732359571751193	0.842027629449976
CBM21.hmm	group	T_GUS	0.186829117646012	0.543065201434268	21	0	0.734604100750173	0.842470019341338
PL17.hmm	group	T_GUS	0.0443460239520243	0.135706178375004	21	1	0.74740698481819	0.85498829323899
GH5_43.hmm	group	T_GUS	-0.131193593361449	0.424210508158998	21	0	0.760485597749211	0.867069607706288
GH63.hmm	group	T_GUS	0.0103185741117643	0.0335546275274704	21	21	0.761796255777269	0.867069607706288
CBM73.hmm	group	T_GUS	0.0993973663602874	0.340894325971781	21	0	0.773768654208547	0.870465859938296
GH42.hmm	group	T_GUS	0.00867314878897469	0.0298296484953555	21	21	0.774387950452833	0.870465859938296
GH43_21.hmm	group	T_GUS	0.0751980636634442	0.251621430485112	21	0	0.768295612026351	0.870465859938296
GH76.hmm	group	T_GUS	-0.0111792853770043	0.0374693552832211	21	21	0.76866823520202	0.870465859938296
GH87.hmm	group	T_GUS	-0.0245447256631993	0.0832952248789021	21	21	0.771440326011244	0.870465859938296
GH50.hmm	group	T_GUS	-0.0196223899394761	0.0701314491269708	21	21	0.782658521060565	0.877584925842663
GH13_17.hmm	group	T_GUS	0.138185571628809	0.526419555173719	21	0	0.795760476362381	0.886403609296449
GH43_1.hmm	group	T_GUS	0.0175136885821555	0.0664991070210681	21	12	0.795102524787421	0.886403609296449
PL7_3.hmm	group	T_GUS	0.0300322667590043	0.114772683796595	21	0	0.796393529765242	0.886403609296449
PL5.hmm	group	T_GUS	-0.0159213469272142	0.0630783658731386	21	14	0.803437785613785	0.892052247262364
CBM32.hmm	group	T_GUS	-0.00992248673483413	0.0399172965153026	21	21	0.806355713744918	0.892620971481292
PL3_4.hmm	group	T_GUS	-0.112347864021475	0.455656350448756	21	0	0.807890945490794	0.892620971481292
PL12_2.hmm	group	T_GUS	0.133632052120136	0.552610427883725	21	0	0.811510701109218	0.894438801952496
GT24.hmm	group	T_GUS	-0.113202435454236	0.497653881242199	21	0	0.822486376518865	0.904335748939431
GH101.hmm	group	T_GUS	0.0208065900213153	0.0940505978070204	21	0	0.82727535380155	0.907398874750853
GH6.hmm	group	T_GUS	0.0158054226113508	0.0748009926195073	21	21	0.834903345721367	0.911352326775372
GT55.hmm	group	T_GUS	-0.0243791135896428	0.114251188879716	21	0	0.833302205757382	0.911352326775372
CE13.hmm	group	T_GUS	-0.0176061759917175	0.0928505446433773	21	0	0.851619160456982	0.91488055733921
GH11.hmm	group	T_GUS	-0.0200035343395183	0.105991822074798	21	14	0.852307937734155	0.91488055733921
GH132.hmm	group	T_GUS	-0.087860795636997	0.466928450436429	21	0	0.852740424992921	0.91488055733921
GH22.hmm	group	T_GUS	-0.0376599139119033	0.18859772121388	21	0	0.84384945478945	0.91488055733921
GH43_13.hmm	group	T_GUS	-0.109776994080327	0.555083635458764	21	0	0.845328178522978	0.91488055733921
GH43_27.hmm	group	T_GUS	-0.0883244901890896	0.47445466135658	21	0	0.85429244095913	0.91488055733921
GT23.hmm	group	T_GUS	-0.0263454148221234	0.135695348557565	21	0	0.848118240923954	0.91488055733921
GT32.hmm	group	T_GUS	0.00978537591177538	0.0487615858424955	21	21	0.843082927254523	0.91488055733921
CBM67.hmm	group	T_GUS	0.0073260789608085	0.044091639493687	21	21	0.869789762362544	0.929280099882624
CBM41.hmm	group	T_GUS	-0.0342237296011226	0.221157104443345	21	1	0.878651642322077	0.936539279933884
GH13_20.hmm	group	T_GUS	0.0125912093494616	0.0831889961944445	21	2	0.881289861360827	0.937146261024541
CE2.hmm	group	T_GUS	-0.00416245201900914	0.0289516593263086	21	21	0.887194068526451	0.941215253026891
GH30_8.hmm	group	T_GUS	0.00964524726581684	0.0736575495968114	21	20	0.897193674786634	0.943571297556922
GH78.hmm	group	T_GUS	0.00289188303395782	0.0222044972288747	21	21	0.897746642929433	0.943571297556922
GH98.hmm	group	T_GUS	-0.0255972584681029	0.195141579798032	21	0	0.897017630083786	0.943571297556922
GT7.hmm	group	T_GUS	0.0107027990077141	0.0792189625214883	21	21	0.89395066516142	0.943571297556922
GH19.hmm	group	T_GUS	0.00830265223309591	0.0659690003433973	21	21	0.90116745067559	0.944974201750098
GH43_5.hmm	group	T_GUS	0.00913788984634312	0.0800110683703792	21	21	0.910271285196017	0.95231614825357
GH43_26.hmm	group	T_GUS	-0.00573085720991779	0.0525621341758467	21	21	0.914321851308256	0.954349766457696
AA8.hmm	group	T_GUS	0.0151361811224917	0.146226549448038	21	0	0.918641534180693	0.956654287319205
GH29.hmm	group	T_GUS	-0.00324856786710247	0.034004215141953	21	21	0.924890886672214	0.95972453323457
GT90.hmm	group	T_GUS	-0.00772041012099703	0.0824116971734586	21	0	0.926343405325267	0.95972453323457
PL12.hmm	group	T_GUS	-0.00556103129779422	0.0606853166476672	21	21	0.927945575180445	0.95972453323457
CBM18.hmm	group	T_GUS	0.0394068064241656	0.466990500108925	21	0	0.933633445480814	0.96340763280822
PL15.hmm	group	T_GUS	0.00990176199572632	0.124918124358492	21	18	0.93764994301433	0.965353236785208
AA5_2.hmm	group	T_GUS	0.010459856832101	0.142228278977336	21	1	0.94214296419131	0.966193820286989
GH57.hmm	group	T_GUS	0.00296207571194624	0.0406921002897128	21	21	0.94273216019172	0.966193820286989
CBM16.hmm	group	T_GUS	-0.00439195815497693	0.0629265549231915	21	21	0.945086196426776	0.966419970612482
GT21.hmm	group	T_GUS	-0.00196265202044812	0.0304524861543114	21	21	0.949285462280365	0.968527735164427
GH43_30.hmm	group	T_GUS	0.00492735232216718	0.0866522440284033	21	9	0.955247654974439	0.972420646524541
CBM25.hmm	group	T_GUS	-0.0238643221530839	0.479699636705358	21	0	0.960842092585662	0.973895210481976
GH25.hmm	group	T_GUS	-0.00301812590884873	0.0609072142185132	21	21	0.960995936170957	0.973895210481976
GH5_48.hmm	group	T_GUS	0.0199344222754531	0.534763442379751	21	0	0.970652955464435	0.980322729579991
PL3_2.hmm	group	T_GUS	-0.0118985679925592	0.330615679797728	21	0	0.971666458237121	0.980322729579991
GH134.hmm	group	T_GUS	0.00981710107698843	0.440102814585847	21	0	0.982436159002605	0.988766289250637
GT11.hmm	group	T_GUS	-0.00154283713173168	0.0778786181851727	21	1	0.98440087517006	0.988766289250637
GH43_12.hmm	group	T_GUS	0.000789426961047122	0.0594666352582616	21	21	0.989546699105194	0.989546699105194
GT83.hmm	group	T_GUS	-0.000406120844569529	0.0258527191954671	21	21	0.987630317860435	0.989546699105194
